Retailer,Address,Postal Code,City,State,Supplier,Brand Name,Geocodio Latitude,Geocodio Longitude,Geocodio Accuracy Score,Geocodio Accuracy Type,Geocodio Address Line 1,Geocodio Address Line 2,Geocodio Address Line 3,Geocodio House Number,Geocodio Street,Geocodio Unit Type,Geocodio Unit Number,Geocodio City,Geocodio State,Geocodio County,Geocodio Postal Code,Geocodio Country,Geocodio Source,Geocodio Stable Address Key
Harris Teeter #406 (CHS),3865 West Ashley Circle,29414,Charleston,SC,Island Brands,Island Active,32.82611,-80.085134,1,rooftop,3865 W Ashley Cir,,"Charleston, SC 29414",3865,W Ashley Cir,,,Charleston,SC,Charleston County,29414,US,Charleston County GIS,gcod_usn5ellk4397mzrda7wm6m2gjapud
Harris Teeter #457 (CHS),1220 Ben Sawyer Boulevard,29464,Mount Pleasant,SC,Island Brands,Island Active,32.795429,-79.859914,1,rooftop,1220 Ben Sawyer Blvd,,"Mount Pleasant, SC 29464",1220,Ben Sawyer Blvd,,,Mount Pleasant,SC,Charleston County,29464,US,Charleston County GIS,gcod_usn4drgl74yfzeshkvf2926x6qrz2
Walmart #1383 (CHS),350 Robert Smalls Parkway,29906-4284,Beaufort,SC,Island Brands,Island Active,32.425369,-80.734167,1,rooftop,350 Robert Smalls Pkwy,,"Beaufort, SC 29906",350,Robert Smalls Pkwy,,,Beaufort,SC,Beaufort County,29906,US,Beaufort,gcod_usnnp8c6avwg4c5b3fj2by9ns4ks5
Harris Teeter #87 (CHS),620 Long Point Road,29464,Mount Pleasant,SC,Island Brands,Island Active,32.839684,-79.857002,1,rooftop,620 Long Point Rd,,"Mount Pleasant, SC 29464",620,Long Point Rd,,,Mount Pleasant,SC,Charleston County,29464,US,Charleston County GIS,gcod_usnq9vmw4t26q7eeb7nk9f8pd3353
Walmart #3367 (CHS),4920 Centre Pointe Drive,29418,North Charleston,SC,Island Brands,Island Active,32.877594,-80.017694,1,rooftop,4920 Centre Pointe Dr,,"North Charleston, SC 29418",4920,Centre Pointe Dr,,,North Charleston,SC,Charleston County,29418,US,Charleston County GIS,gcod_usnlfqaank5hbd4a5zy7qutv4lfqc
Harris Teeter #385 (CHS),2195 Tea Planter Lane,29466,Mount Pleasant,SC,Island Brands,Island Active,32.83941,-79.816624,1,rooftop,2195 Tea Planter Ln,,"Mount Pleasant, SC 29466",2195,Tea Planter Ln,,,Mount Pleasant,SC,Charleston County,29466,US,Charleston County GIS,gcod_usnvvy58ddwyzu565zwwp382nvc76
Walmart #0632 (CHS),1481 US Highway 17,29464,Mount Pleasant,SC,Island Brands,Island Active,32.814082,-79.845456,1,rooftop,1481 N Highway 17,,"Mount Pleasant, SC 29464",1481,N Highway 17,,,Mount Pleasant,SC,Charleston County,29464,US,Charleston County GIS,gcod_usnyea6lrfd2pqdgktvvwnjes6zxf
Total Wine & More #702-W Ashley (CHS),1820-A Ashley River Road,29407,Charleston,SC,Island Brands,Island Active,32.803356,-80.017078,1,rooftop,1820 Ashley River Rd,,"Charleston, SC 29407",1820,Ashley River Rd,,,Charleston,SC,Charleston County,29407,US,Charleston County GIS,gcod_usna2372jezulbrebh8bdj4qn4dg7
Walmart #4384 (CHS),3000 Proprietors Place,29466-8361,Mount Pleasant,SC,Island Brands,Island Active,32.861797,-79.788224,1,rooftop,3000 Proprietors Pl,,"Mount Pleasant, SC 29466",3000,Proprietors Pl,,,Mount Pleasant,SC,Charleston County,29466,US,Charleston County GIS,gcod_usnbj9afd6u7gpud8adlpwebleff2
Charlies Grocery-Spring St (CHS),119 Spring Street,29403,Charleston,SC,Island Brands,Island Active,32.789941,-79.947564,1,rooftop,119 Spring St,,"Charleston, SC 29403",119,Spring St,,,Charleston,SC,Charleston County,29403,US,Charleston County GIS,gcod_usnuzcwt69q7drx5ekrx7xtj96p8h
Total Wine & More #705-Mt P (CHS),1501 North Highway 17,29464,Mount Pleasant,SC,Island Brands,Island Active,32.816014,-79.842754,1,rooftop,1501 N Highway 17,,"Mount Pleasant, SC 29464",1501,N Highway 17,,,Mount Pleasant,SC,Charleston County,29464,US,Statewide SC,gcod_usnyea6lrfd2pqdg2g7t4u26qzru3
Daddy O's Beer And Wine (CHS),6A Young Clyde Court,29909-7545,Bluffton,SC,Island Brands,Island Active,32.297782,-80.949252,0.8,nearest_rooftop_match,6 Young Clyde Ct,,"Bluffton, SC 29909",6,Young Clyde Ct,,,Bluffton,SC,Beaufort County,29909,US,Beaufort,gcod_usn46p8aedztpctft34phxg447bee
Bert's Supermarket (CHS),202 East Ashley Boulevard,29439,Folly Beach,SC,Island Brands,Island Active,32.65662,-79.938498,1,rooftop,202 E Ashley Ave,,"Folly Beach, SC 29439",202,E Ashley Ave,,,Folly Beach,SC,Charleston County,29439,US,Statewide SC,gcod_usnnq87fju8qznx7mgjephslty5af
Harris Teeter #131 (CHS),2035 Highway 41,29466,Mount Pleasant,SC,Island Brands,Island Active,32.897823,-79.821698,1,rooftop,2035 SC-41,,"Mount Pleasant, SC 29466",2035,SC-41,,,Mount Pleasant,SC,Charleston County,29466,US,Charleston County GIS,gcod_usn5m2gbphrzv7t44wergf5mt3zw9
Refuel #55 (CHS),1705 Clements Ferry Road,29492,Charleston,SC,Island Brands,Island Active,32.92266,-79.86993,1,rooftop,1705 Clements Ferry Rd,,"Charleston, SC 29492",1705,Clements Ferry Rd,,,Charleston,SC,Berkeley County,29492,US,Berkeley,gcod_usnxqylwskpm7fp6b97g9jzu4efcg
Harris Teeter #363 (CHS),9500 Dorchester Road,29485,Summerville,SC,Island Brands,Island Active,32.936631,-80.141339,1,rooftop,9500 Dorchester Rd,,"Summerville, SC 29485",9500,Dorchester Rd,,,Summerville,SC,Dorchester County,29485,US,Statewide SC,gcod_usn8h8gaawezstt3jgpxvjes9lzs2
Walmart Market #3713 (CHS),3685 Ladson Road,29456,Ladson,SC,Island Brands,Island Active,32.978899,-80.128284,1,rooftop,3685 Ladson Rd,,"Ladson, SC 29456",3685,Ladson Rd,,,Ladson,SC,Charleston County,29456,US,Charleston County GIS,gcod_usn67n9x4extpr3hr4gxygjgzrstc
Publix #0700 (CHS),11 Palmetto Bay Road,29928-3293,Hilton Head Island,SC,Island Brands,Island Active Variety Pack,32.156668,-80.765464,1,rooftop,11 Palmetto Bay Rd,,"Hilton Head Island, SC 29928",11,Palmetto Bay Rd,,,Hilton Head Island,SC,Beaufort County,29928,US,Beaufort,gcod_usnzax6rwbzbtjs76l7knz8tyaqn8
I Heart CBD - Park Circle (CHS),1083 East Montague Avenue,29405,North Charleston,SC,Island Brands,Island Chill Lemon Lime,32.881247,-79.977463,1,rooftop,1083 E Montague Ave,,"North Charleston, SC 29405",1083,E Montague Ave,,,North Charleston,SC,Charleston County,29405,US,Charleston County GIS,gcod_usnd57utpkg2zx45ujpqtzg66sfpd
Spar Reid Market (CHS),51 Reid Street,29403,Charleston,SC,Island Brands,Island Chill Lemon Lime,32.793105,-79.936467,1,rooftop,51 Reid St,,"Charleston, SC 29403",51,Reid St,,,Charleston,SC,Charleston County,29403,US,Charleston County GIS,gcod_usnql9ag3dl5lee276jpnrw799xt8
Spinx #0355 (CHS),2160 North Main Street,29486-7829,Summerville,SC,Island Brands,Island Chill Pineapple Coconut,33.047029,-80.109495,1,rooftop,2160 N Main St,,"Summerville, SC 29486",2160,N Main St,,,Summerville,SC,Berkeley County,29486,US,Berkeley,gcod_usnrp9fr68yydlh9cexfnefk38pv3
Spinx #0364 (CHS),845 Jedburg Road,29486-6904,Summerville,SC,Island Brands,Island Chill Pineapple Coconut,33.084194,-80.205709,1,rooftop,845 Jedburg Rd,,"Summerville, SC 29486",845,Jedburg Rd,,,Summerville,SC,Berkeley County,29486,US,Berkeley,gcod_usnlsqlwjkj2f7x7zsdd95wwglkce
Spinx #370 (CHS),3285 Timberline Dr,29455,Johns Island,SC,Island Brands,Island Chill Pineapple Coconut,32.732826,-80.058195,1,rooftop,3285 Timberline Dr,,"Johns Island, SC 29455",3285,Timberline Dr,,,Johns Island,SC,Charleston County,29455,US,Charleston County GIS,gcod_usn8zh7xlyltnm46m5w4ra4abjcy2
Spinx #0317 (CHS),1558 South Live Oak Drive,29461,Moncks Corner,SC,Island Brands,Island Chill Pineapple Coconut,33.153237,-80.058732,1,rooftop,1558 S Live Oak Dr,,"Moncks Corner, SC 29461",1558,S Live Oak Dr,,,Moncks Corner,SC,Berkeley County,29461,US,Berkeley,gcod_usnnp7ntbkqjte35d3vtssmpltghg
Spinx #371 (CHS),1130 Holliday Farms Boulevard,29465,Mount Pleasant,SC,Island Brands,Island Chill Pineapple Coconut,32.842704,-79.815348,0.99,rooftop,1130 Holliday Farms Blvd,,"Mount Pleasant, SC 29466",1130,Holliday Farms Blvd,,,Mount Pleasant,SC,Charleston County,29466,US,Statewide SC,gcod_usnevupqwrqtezkdq8yxcg24btup7
E Cig Depot - Mt Pleasant (CHS),3377 South Morgans Point Road,29466,Mount Pleasant,SC,Island Brands,Island Chill Pineapple Coconut,32.874008,-79.770935,1,rooftop,3377 S Morgans Point Rd,,"Mount Pleasant, SC 29466",3377,S Morgans Point Rd,,,Mount Pleasant,SC,Charleston County,29466,US,Charleston County GIS,gcod_usng2f7kagv4van7smsfasrarj266
Spinx #0356 (CHS),9636 Highway 78,29456,Ladson,SC,Island Brands,Island Chill Pineapple Coconut,32.989946,-80.099998,1,rooftop,9636 Highway 78,,"Ladson, SC 29456",9636,Highway 78,,,Ladson,SC,Berkeley County,29456,US,Berkeley,gcod_usnfpufkw5t5tn7dd9a27tshhp268
Spinx #0341 (CHS),2627 Highway 41,29492,Charleston,SC,Island Brands,Island Chill Pineapple Coconut,32.931083,-79.819808,1,rooftop,2627 Hwy 41,,"Charleston, SC 29492",2627,Hwy 41,,,Charleston,SC,Berkeley County,29492,US,Berkeley,gcod_usneu6egh47gtp73lq4k5exsbgf78
Spinx #0359 (CHS),360 East 5th North Street,29483,Summerville,SC,Island Brands,Island Chill Strawberry Mango,33.023093,-80.165556,1,rooftop,360 E 5 North St,,"Summerville, SC 29483",360,E 5 North St,,,Summerville,SC,Dorchester County,29483,US,Charleston County GIS,gcod_usncs7hk86fsfyd8jpuyvyry8c364
Lowe's Foods #278 (CHS),3125 Bees Ferry Road,29414,Charleston,SC,Island Brands,Island Chill Strawberry Mango,32.842361,-80.059423,1,rooftop,3125 Bees Ferry Rd,,"Charleston, SC 29414",3125,Bees Ferry Rd,,,Charleston,SC,Charleston County,29414,US,Charleston County GIS,gcod_usnch8msdafj4xd76w6mfxub3z5r7
Spinx #368 (CHS),4000 Wildcat Boulevard,29414,Charleston,SC,Island Brands,Island Chill Strawberry Mango,32.819089,-80.068082,1,rooftop,4000 W Wildcat Blvd,,"Charleston, SC 29414",4000,W Wildcat Blvd,,,Charleston,SC,Charleston County,29414,US,Charleston County GIS,gcod_usnq8y5rzngnvp85x29t85wpmjzt9
Lowe's Foods #279 (CHS),1000 Tanner Ford Boulevard,29410-4707,Hanahan,SC,Island Brands,Island Chill Strawberry Mango,32.934126,-79.999537,1,rooftop,1000 Tanner Ford Blvd,,"Hanahan, SC 29410",1000,Tanner Ford Blvd,,,Hanahan,SC,Berkeley County,29410,US,Berkeley,gcod_usnmgk5jbr5gqvxhk25sczmwgsyt7
Jadoon's Market (CHS),5137 North Rhett Avenue,29405,North Charleston,SC,Island Brands,Island Chill Strawberry Mango,32.89165,-79.985853,1,rooftop,5137 N Rhett Ave,,"North Charleston, SC 29405",5137,N Rhett Ave,,,North Charleston,SC,Charleston County,29405,US,Charleston County GIS,gcod_usnj6quy3n8jhtx2w9kpnnvuds6f7
Spinx #0351 (CHS),3109 West Montague Avenue,29418,North Charleston,SC,Island Brands,Island Chill Strawberry Mango,32.864774,-80.013695,1,rooftop,3109 W Montague Ave,,"North Charleston, SC 29418",3109,W Montague Ave,,,North Charleston,SC,Charleston County,29418,US,Charleston County GIS,gcod_usn68e8jn34l3l3hjdaw676uzfw83
Lowe's Foods #270 (CHS),10048 Dorchester Road,29485,Summerville,SC,Island Brands,Island Chill Strawberry Mango,32.953902,-80.164391,1,rooftop,10048 Dorchester Rd,,"Summerville, SC 29485",10048,Dorchester Rd,,,Summerville,SC,Dorchester County,29485,US,Statewide SC,gcod_usn8h8gaawezstt3ye4mddyjzek72
Lowe's Foods #293 (CHS),3575 Maybank Highway,29455,Johns Island,SC,Island Brands,Island Chill Strawberry Mango,32.720764,-80.080736,1,rooftop,3575 Maybank Hwy,,"Johns Island, SC 29455",3575,Maybank Hwy,,,Johns Island,SC,Charleston County,29455,US,Charleston County GIS,gcod_usn4bxjjv5r333f3nyp67nwweylca
Spinx #0350 (CHS),6899 Rivers Avenue,29406,North Charleston,SC,Island Brands,Island Chill Strawberry Mango,32.920104,-80.030728,1,rooftop,6899 Rivers Ave,,"North Charleston, SC 29406",6899,Rivers Ave,,,North Charleston,SC,Charleston County,29406,US,Charleston County GIS,gcod_usnqgh6w5rus53ham49emrnel2q73
Spinx #0353 (CHS),1310 Orangeburg Road,29483,Summerville,SC,Island Brands,Island Chill Strawberry Mango,33.041257,-80.248144,1,rooftop,1310 Orangeburg Rd,,"Summerville, SC 29483",1310,Orangeburg Rd,,,Summerville,SC,Dorchester County,29483,US,Statewide SC,gcod_usnt9bvz86wvl4c6etsnwucqekmp5
Spinx #0366 (CHS),10696 Dorchester Road,29485-7609,Summerville,SC,Island Brands,Island Chill Strawberry Mango,32.97067,-80.208764,1,rooftop,10696 Dorchester Rd,,"Summerville, SC 29485",10696,Dorchester Rd,,,Summerville,SC,Dorchester County,29485,US,Dorchester,gcod_usn6bu2g3hsslkndujqx9b6z5p9da
Spinx #0352 (CHS),4895 Ashley Phosphate Road,29418,North Charleston,SC,Island Brands,Island Chill Strawberry Mango,32.918506,-80.101197,1,rooftop,4895 Ashley Phosphate Rd,,"North Charleston, SC 29418",4895,Ashley Phosphate Rd,,,North Charleston,SC,Dorchester County,29418,US,Statewide SC,gcod_usnbye2wmwgmxmtck7a8gtlt8w5p5
Publix #2038 (CHS),2700 North Main Street,29486,Summerville,SC,Island Brands,Island Coastal Lager,33.062768,-80.096192,1,rooftop,2700 N Main St,,"Summerville, SC 29486",2700,N Main St,,,Summerville,SC,Berkeley County,29486,US,Berkeley,gcod_usnrp9fr68yydlh9geargjrbr6l88
Spinx #0378 (CHS),930 West 5th North Street,29483,Summerville,SC,Island Brands,Island Coastal Lager,33.033974,-80.18418,1,range_interpolation,930 W 5th North St,,"Summerville, SC 29483",930,W 5th North St,,,Summerville,SC,Dorchester County,29483,US,TIGER/Line® from the US Census Bureau,gcod_usnjake9uj7fwqx2kp28l5mh5m3c5
Towne Centre Market - Mt P (CHS),1865 Highway 17 North,29464,Mount Pleasant,SC,Island Brands,Island Coastal Lager,32.830381,-79.831468,1,rooftop,1865 N Highway 17,,"Mount Pleasant, SC 29464",1865,N Highway 17,,,Mount Pleasant,SC,Charleston County,29464,US,Charleston County GIS,gcod_usnyea6lrfd2pqdgzrrknha5tc8d6
Walmart #0728 (CHS),25 Pembroke Drive,29926,Hilton Head Island,SC,Island Brands,Island Coastal Lager,32.211534,-80.728707,1,rooftop,25 Pembroke Dr,,"Hilton Head Island, SC 29926",25,Pembroke Dr,,,Hilton Head Island,SC,Beaufort County,29926,US,Beaufort,gcod_usnm28xeszevjs29zf87zau45c5l9
Publix #1081 (CHS),1125 Park West Boulevard,29466,Mount Pleasant,SC,Island Brands,Island Coastal Lager,32.874079,-79.779347,1,rooftop,1125 Park West Blvd,,"Mount Pleasant, SC 29466",1125,Park West Blvd,,,Mount Pleasant,SC,Charleston County,29466,US,Charleston County GIS,gcod_usn25gulv3wu6zscq8puxbwt2v455
Publix #0633 (CHS),520 Folly Road,29412,Charleston,SC,Island Brands,Island Coastal Lager,32.753634,-79.970954,1,rooftop,520 Folly Rd,,"Charleston, SC 29412",520,Folly Rd,,,Charleston,SC,Charleston County,29412,US,Charleston County GIS,gcod_usn8vewwym3yhyn4l7d2sdz6wx78b
Publix #1205 (CHS),101 Buckwalter Place Boulevard,29910-5155,Bluffton,SC,Island Brands,Island Coastal Lager,32.270532,-80.916747,1,rooftop,101 Buckwalter Place Blvd,,"Bluffton, SC 29910",101,Buckwalter Place Blvd,,,Bluffton,SC,Beaufort County,29910,US,Beaufort,gcod_usnkr4gvcnpqhmk3wxgqvjuy2n88b
Publix #0483 (CHS),1575 Old Trolley Road,29485,Summerville,SC,Island Brands,Island Coastal Lager,32.966816,-80.166093,1,rooftop,1575 Old Trolley Rd,,"Summerville, SC 29485",1575,Old Trolley Rd,,,Summerville,SC,Dorchester County,29485,US,Charleston County GIS,gcod_usnss38eytdu49g8xxajvub72jh7f
Publix #2090 (CHS),162 Seven Farms Drive,29492,Daniel Island,SC,Island Brands,Island Coastal Lager,32.863656,-79.903566,1,rooftop,162 7 Farms Dr,,"Charleston, SC 29492",162,7 Farms Dr,,,Charleston,SC,Berkeley County,29492,US,Berkeley,gcod_usnqr5pfvu9erlv94yjudjragbkn6
Publix #1646 (CHS),730 Hopewell Drive,29492,Charleston,SC,Island Brands,Island Coastal Lager,32.921594,-79.871326,1,rooftop,730 Hopewell Dr,,"Charleston, SC 29492",730,Hopewell Dr,,,Charleston,SC,Berkeley County,29492,US,Berkeley,gcod_usnk23ft8lc378292awzevlj9evt6
Publix #1866 (CHS),1274 Nexton Parkway,29486,Summerville,SC,Island Brands,Island Coastal Lager,33.060321,-80.153804,1,rooftop,1274 Nexton Pkwy,,"Summerville, SC 29486",1274,Nexton Pkwy,,,Summerville,SC,Berkeley County,29486,US,Berkeley,gcod_usn5z2b4glreqhefp68bgqzhbvj72
Publix #1055 (CHS),1435 Ben Sawyer Boulevard,29464,Mount Pleasant,SC,Island Brands,Island Coastal Lager,32.79162,-79.854302,1,rooftop,1435 Ben Sawyer Blvd,,"Mount Pleasant, SC 29464",1435,Ben Sawyer Blvd,,,Mount Pleasant,SC,Charleston County,29464,US,Charleston County GIS,gcod_usn4drgl74yfzeshh6mu83u7up66c
Publix #1145 (CHS),3642 Savannah Highway,29455,Johns Island,SC,Island Brands,Island Coastal Lager,32.80489,-80.111841,1,rooftop,3642 Savannah Hwy,,"Johns Island, SC 29455",3642,Savannah Hwy,,,Johns Island,SC,Charleston County,29455,US,Statewide SC,gcod_usn6zbp8y2lk6dt6p7d42njcu42nf
Publix #1599 (CHS),10 Westedge Street,29403-4702,Charleston,SC,Island Brands,Island Coastal Lager,32.786855,-79.95705,1,rooftop,10 Westedge St,,"Charleston, SC 29403",10,Westedge St,,,Charleston,SC,Charleston County,29403,US,Charleston County GIS,gcod_usnryveas3kuuvq22fgqprxxqjlcd
Spinx #0354 (CHS),3665 Ladson Road,29456,Ladson,SC,Island Brands,Island Coastal Lager,32.98124,-80.126642,1,rooftop,3665 Ladson Rd,,"Ladson, SC 29456",3665,Ladson Rd,,,Ladson,SC,Charleston County,29456,US,Charleston County GIS,gcod_usn67n9x4extpr3he75b3myey343h
Sewee Outpost (CHS),4853 North Highway 17,29429,Awendaw,SC,Island Brands,Island Coastal Lager,32.929084,-79.71285,1,rooftop,4853 N US-17,,"Awendaw, SC 29429",4853,N US-17,,,Awendaw,SC,Charleston County,29429,US,Statewide SC,gcod_usnfknad477ypuab32lc7cjbyq3sb
Publix #0472 (CHS),1401 Sam Rittenberg Boulevard,29407,Charleston,SC,Island Brands,Island Coastal Lager,32.813269,-79.997695,1,rooftop,1401 Sam Rittenberg Blvd,,"Charleston, SC 29407",1401,Sam Rittenberg Blvd,,,Charleston,SC,Charleston County,29407,US,Charleston County GIS,gcod_usngraghaq6me4f9vp9xtagaf527c
Publix #1775 (CHS),2830 Highway 52,29461,Moncks Corner,SC,Island Brands,Island Coastal Lager,33.089794,-80.030307,1,rooftop,2830 Highway 52,,"Moncks Corner, SC 29461",2830,Highway 52,,,Moncks Corner,SC,Berkeley County,29461,US,Berkeley,gcod_usnsd4nlt72djz32dykfnn6m2xpj5
Refuel #50 (CHS),2220 Middle Street,29482,Sullivans Island,SC,Island Brands,Island Coastal Lager,32.763049,-79.836577,1,rooftop,2220 Middle St,,"Sullivans Island, SC 29482",2220,Middle St,,,Sullivans Island,SC,Charleston County,29482,US,Statewide SC,gcod_usnyjfwp23bczmgarjur49csd9ryd
Walmart #1748 (CHS),3951 West Ashley Circle,29414,Charleston,SC,Island Brands,Island Coastal Lager,32.821683,-80.081426,1,rooftop,3951 W Ashley Cir,,"Charleston, SC 29414",3951,W Ashley Cir,,,Charleston,SC,Charleston County,29414,US,Charleston County GIS,gcod_usn5ellk4397mzrdvcyg8gcvxtcge
Publix #0824 (CHS),8409 Dorchester Road,29420,North Charleston,SC,Island Brands,Island Coastal Lager,32.912866,-80.109221,1,rooftop,8409 Dorchester Rd,,"North Charleston, SC 29420",8409,Dorchester Rd,,,North Charleston,SC,Dorchester County,29420,US,Statewide SC,gcod_usnfvnqbvu7jyrg4ywjnbbw5ltdbc
Publix #0449 (CHS),1000 Johnnie Dodds Boulevard,29464,Mount Pleasant,SC,Island Brands,Island Coastal Lager,32.813839,-79.867313,1,rooftop,1000 Johnnie Dodds Blvd,,"Mount Pleasant, SC 29464",1000,Johnnie Dodds Blvd,,,Mount Pleasant,SC,Charleston County,29464,US,Charleston County GIS,gcod_usnjz6pduu3pt2afraz595wyjsjyg
Publix #1120 (CHS),1585 Central Avenue,29483,Summerville,SC,Island Brands,Island Coastal Lager,33.011712,-80.234942,1,rooftop,1585 Central Ave,,"Summerville, SC 29483",1585,Central Ave,,,Summerville,SC,Dorchester County,29483,US,Statewide SC,gcod_usnlvt3btrpvd565tpualhd3g5zve
Publix #1266 (CHS),1724 State Road,29486,Summerville,SC,Island Brands,Island Coastal Lager,33.106817,-80.125944,1,rooftop,1724 State Rd,,"Summerville, SC 29486",1724,State Rd,,,Summerville,SC,Berkeley County,29486,US,Berkeley,gcod_usnu96nrv6twl9zcv59yuuz4nz4kg
Spinx #0358 (CHS),2801 US-52,29461,Moncks Corner,SC,Island Brands,Island Coastal Lager,33.091703,-80.032203,1,rooftop,2801 Highway 52,,"Moncks Corner, SC 29461",2801,Highway 52,,,Moncks Corner,SC,Berkeley County,29461,US,Berkeley,gcod_usnsd4nlt72djz32zspwcv9727qu9
Publix #1716 (CHS),33 Robert Smalls Parkway,29906,Beaufort,SC,Island Brands,Island Coastal Lager,32.437662,-80.704822,1,rooftop,33 Robert Smalls Pkwy,,"Beaufort, SC 29906",33,Robert Smalls Pkwy,,,Beaufort,SC,Beaufort County,29906,US,Beaufort,gcod_usnhpcqlrc2q22t86fas8ktjzfv23
RTs Market (CHS),12 Westerwald Street,29910-8300,Bluffton,SC,Island Brands,Island Coastal Lager,32.207513,-80.885846,1,rooftop,12 Westerwald St,,"Bluffton, SC 29910",12,Westerwald St,,,Bluffton,SC,Beaufort County,29910,US,Beaufort,gcod_usngrpqylgggdpq2gqkpfzn4nu3q6
Walmart Market #6174 (CHS),10635 Dorchester Road,29485,Summerville,SC,Island Brands,Island Coastal Lager,32.967347,-80.203928,1,rooftop,10635 Dorchester Rd,,"Summerville, SC 29485",10635,Dorchester Rd,,,Summerville,SC,Dorchester County,29485,US,Statewide SC,gcod_usn8h8gaawezstt3gfl29u32lxq24
Publix #1354 (CHS),112 Nickle Plate Road,29927,Hardeeville,SC,Island Brands,Island Coastal Lager,32.30821,-80.973388,1,rooftop,112 Nickel Plate Rd,,"Hardeeville, SC 29927",112,Nickel Plate Rd,,,Hardeeville,SC,Jasper County,29927,US,Jasper,gcod_usn2sly6sbgzy6rhmv7zuz7bcj85c
Publix #1645 (CHS),1411 Folly Road Suite 100,29412,Charleston,SC,Island Brands,Island Coastal Lager,32.714256,-79.96682,1,rooftop,1411 Folly Rd,Ste 100,"Charleston, SC 29412",1411,Folly Rd,Ste,100,Charleston,SC,Charleston County,29412,US,Charleston County GIS,gcod_usn8vewwym3yhyn4gvhld8n2t2tua
Publix #0473 (CHS),45 Pembroke Drive,29926,Hilton Head Island,SC,Island Brands,Island Coastal Lager,32.210974,-80.725213,1,rooftop,45 Pembroke Dr,,"Hilton Head Island, SC 29926",45,Pembroke Dr,,,Hilton Head Island,SC,Beaufort County,29926,US,Beaufort,gcod_usnm28xeszevjs29fz7ycgzsgdtha
Lowe's Foods #265 (CHS),2110 SC Highway 41,29466,Mount Pleasant,SC,Island Brands,Island Coastal Lager,32.906035,-79.822929,1,rooftop,2110 SC-41,,"Mount Pleasant, SC 29466",2110,SC-41,,,Mount Pleasant,SC,Charleston County,29466,US,Charleston County GIS,gcod_usn5m2gbphrzv7t4grf6wtn68nc6b
Parkers #67 (CHS),856 Sea Island Parkway,29920-3902,Beaufort,SC,Island Brands,Island Coastal Lager,32.396441,-80.577244,1,rooftop,856 Sea Island Pkwy,,"Saint Helena Island, SC 29920",856,Sea Island Pkwy,,,Saint Helena Island,SC,Beaufort County,29920,US,Beaufort,gcod_usnnsy7fwercp7v785ad5ra8g2q62
Harris Teeter #451 (CHS),515 Freshfields Drive,29455,Johns Island,SC,Island Brands,Island Coastal Lager,32.606859,-80.147828,1,rooftop,515 Freshfields Dr,,"Johns Island, SC 29455",515,Freshfields Dr,,,Johns Island,SC,Charleston County,29455,US,Statewide SC,gcod_usnl9szn6wbplga674zlzdemurkp9
Food Lion #1499 (CHS),2770 Maybank Highway,29455,Johns Island,SC,Island Brands,Island Coastal Lager,32.744996,-80.038179,1,rooftop,2770 Maybank Hwy,,"Johns Island, SC 29455",2770,Maybank Hwy,,,Johns Island,SC,Charleston County,29455,US,Charleston County GIS,gcod_usn4bxjjv5r333f3kgfzcckpstevf
Walmart #6395 (CHS),4 Bluffton Road,29910-7621,Bluffton,SC,Island Brands,Island Coastal Lager,32.25974,-80.854278,1,rooftop,4 Bluffton Rd,,"Bluffton, SC 29910",4,Bluffton Rd,,,Bluffton,SC,Beaufort County,29910,US,Beaufort,gcod_usnlefkvejz5fy6bjcxqyrsetxa43
Parkers #77 (CHS),1111 Cane Bay Boulevard,29486-2396,Summerville,SC,Island Brands,Island Coastal Lager,33.105041,-80.126419,1,rooftop,1111 Cane Bay Blvd,,"Summerville, SC 29486",1111,Cane Bay Blvd,,,Summerville,SC,Berkeley County,29486,US,Berkeley,gcod_usnkv8cnnr4eg4a9ccw67aa4fcaxe
Harris Teeter #453 (CHS),1985 Folly Road,29412,Charleston,SC,Island Brands,Island Coastal Lager,32.685862,-79.961027,1,rooftop,1985 Folly Rd,,"Charleston, SC 29412",1985,Folly Rd,,,Charleston,SC,Charleston County,29412,US,Statewide SC,gcod_usn8vewwym3yhyn4m7grysd7dc8f6
Food Lion #0410 (CHS),1316 Red Bank Road,29445-4592,Goose Creek,SC,Island Brands,Island Coastal Lager,32.969181,-80.011555,1,rooftop,1316 Red Bank Rd,,"Goose Creek, SC 29445",1316,Red Bank Rd,,,Goose Creek,SC,Berkeley County,29445,US,Berkeley,gcod_usn93vgfll2l6rx9r6y8s235lz835
Walmart Market #3899 (CHS),215 Saint James Avenue,29445-2938,Goose Creek,SC,Island Brands,Island Coastal Lager,33.008028,-80.047231,1,rooftop,215 St James Ave,,"Goose Creek, SC 29445",215,St James Ave,,,Goose Creek,SC,Berkeley County,29445,US,Berkeley,gcod_usnm8e8bdxlnglt8utgm7f7q5kvj3
Harris Teeter #365 (CHS),975 Savannah Highway,29407,Charleston,SC,Island Brands,Island Coastal Lager,32.78246,-79.991036,1,rooftop,975 Savannah Hwy,,"Charleston, SC 29407",975,Savannah Hwy,,,Charleston,SC,Charleston County,29407,US,Charleston County GIS,gcod_usn84spdtwcpkaebq4tnpl93zuv72
Nouria #1403/Enmarket #863 (CHS),448 Independence Boulevard,29927,Hardeeville,SC,Island Brands,Island Coastal Lager,32.311656,-81.056713,1,rooftop,448 Independence Blvd,,"Hardeeville, SC 29927",448,Independence Blvd,,,Hardeeville,SC,Jasper County,29927,US,Jasper,gcod_usng57aaljsfe5q98s5kl3mjn86ec
Walmart #0628 (CHS),9880 Dorchester Road,29485,Summerville,SC,Island Brands,Island Coastal Lager,32.95018,-80.155164,1,rooftop,9880 Dorchester Rd,,"Summerville, SC 29485",9880,Dorchester Rd,,,Summerville,SC,Dorchester County,29485,US,Statewide SC,gcod_usn8h8gaawezstt3xznkcwxr9ryh2
Fresh Market #48 (CHS),890 William Hilton Parkway,29928,Hilton Head Island,SC,Island Brands,Island Coastal Lager,32.169863,-80.739553,1,rooftop,890 William Hilton Pkwy,,"Hilton Head Island, SC 29928",890,William Hilton Pkwy,,,Hilton Head Island,SC,Beaufort County,29928,US,Beaufort,gcod_usnf4g6dweq7zw5b4txcq9c4kknsc
Walmart #2348 (CHS),1231 Folly Road,29412,Charleston,SC,Island Brands,Island Coastal Lager,32.720536,-79.967672,1,rooftop,1231 Folly Rd,,"Charleston, SC 29412",1231,Folly Rd,,,Charleston,SC,Charleston County,29412,US,Charleston County GIS,gcod_usn8vewwym3yhyn4kplvxh6evmc49
Parkers #72 (CHS),1105 North Highway 52,29461-4312,Moncks Corner,SC,Island Brands,Island Coastal Lager,33.21888,-79.968441,1,rooftop,1105 N Highway 52,,"Moncks Corner, SC 29461",1105,N Highway 52,,,Moncks Corner,SC,Berkeley County,29461,US,Berkeley,gcod_usn9wkgxx7c35vy9cf62exyhezhah
Country Corner #28 - McClellanville (CHS),10035 North Highway 17,29458,McClellanville,SC,Island Brands,Island Coastal Lager,33.093006,-79.479055,1,rooftop,10035 N US-17,,"Mc Clellanville, SC 29458",10035,N US-17,,,Mc Clellanville,SC,Charleston County,29458,US,Statewide SC,gcod_usnr67s2z4qlvht5hsmydfcv553zf
Harris Teeter #429 (CHS),163 Sea Island Parkway,29907,Beaufort,SC,Island Brands,Island Coastal Lager,32.414326,-80.648517,1,rooftop,163 Sea Island Pkwy,,"Beaufort, SC 29907",163,Sea Island Pkwy,,,Beaufort,SC,Beaufort County,29907,US,Beaufort,gcod_usne6p2ye6mzh64clx2yaaytd7lr9
Parkers #59 (CHS),3462 Trask Parkway,29906-7169,Beaufort,SC,Island Brands,Island Coastal Lager,32.45254,-80.733067,1,rooftop,3462 Trask Pkwy,,"Beaufort, SC 29906",3462,Trask Pkwy,,,Beaufort,SC,Beaufort County,29906,US,Beaufort,gcod_usn69m42wstqeqse8eqnnvgkupe52
Harris Teeter #355 (CHS),680 Bacons Bridge Road,29485,Summerville,SC,Island Brands,Island Coastal Lager,32.999586,-80.185617,1,rooftop,680 Bacons Bridge Rd,,"Summerville, SC 29485",680,Bacons Bridge Rd,,,Summerville,SC,Dorchester County,29485,US,Charleston County GIS,gcod_usnsgtwky75r2bfdx3eer8297rqud
Kroger #703 (CHS),27 Discovery Drive,29910,Bluffton,SC,Island Brands,Island Coastal Lager,32.273899,-80.917513,1,rooftop,27 Discovery Dr,,"Bluffton, SC 29910",27,Discovery Dr,,,Bluffton,SC,Beaufort County,29910,US,Beaufort,gcod_usn46r6t9cdp2nv6zg9a3ykbyvl2c
Harris Teeter #410 (CHS),1812 Sam Rittenberg Boulevard,29407,Charleston,SC,Island Brands,Island Coastal Lager,32.802526,-80.019691,1,rooftop,1812 Sam Rittenberg Blvd,,"Charleston, SC 29407",1812,Sam Rittenberg Blvd,,,Charleston,SC,Charleston County,29407,US,Charleston County GIS,gcod_usngraghaq6me4f9bly63x3rkusq7
Parkers #48 (CHS),1705 Ribaut Road,29935,Port Royal,SC,Island Brands,Island Coastal Lager,32.383856,-80.69225,1,rooftop,1705 Ribaut Rd,,"Port Royal, SC 29935",1705,Ribaut Rd,,,Port Royal,SC,Beaufort County,29935,US,Beaufort,gcod_usnxvb2fxvmsrvvbt4m2rubgf7ulc
Parkers #66 (CHS),133 Sam's Point Road,29907-2056,Beaufort,SC,Island Brands,Island Coastal Lager,32.42498,-80.643765,1,rooftop,133 Sams Point Rd,,"Beaufort, SC 29907",133,Sams Point Rd,,,Beaufort,SC,Beaufort County,29907,US,Beaufort,gcod_usn35gwlmga5tv56ea9y78cj8zvda
Harris Teeter #368 (CHS),1269 Nexton Parkway,29486,Summerville,SC,Island Brands,Island Coastal Lager,33.05892,-80.150878,1,rooftop,1269 Nexton Pkwy,,"Summerville, SC 29486",1269,Nexton Pkwy,,,Summerville,SC,Berkeley County,29486,US,Berkeley,gcod_usn5z2b4glreqhef99ymguhh96nn8
Nickel Pumpers - Bluffton (CHS),2 Bruin Road,29910-8106,Bluffton,SC,Island Brands,Island Coastal Lager,32.236796,-80.860296,1,rooftop,2 Bruin Rd,,"Bluffton, SC 29910",2,Bruin Rd,,,Bluffton,SC,Beaufort County,29910,US,Beaufort,gcod_usnlxej662ajtyjaxalgcvdtvzr7h
Harris Teeter #452 (CHS),1513 Palm Boulevard,29451,Isle Of Palms,SC,Island Brands,Island Coastal Lager,32.789545,-79.787191,1,rooftop,1513 Palm Blvd,,"Isle of Palms, SC 29451",1513,Palm Blvd,,,Isle of Palms,SC,Charleston County,29451,US,Statewide SC,gcod_usnujauxvc77hc2h7xqx5wwypslcg
The Sea Store (CHS),7 Lockwood Drive,29401-1122,Charleston,SC,Island Brands,Island Coastal Lager,32.779111,-79.949875,1,rooftop,7 Lockwood Dr,,"Charleston, SC 29401",7,Lockwood Dr,,,Charleston,SC,Charleston County,29401,US,Charleston County GIS,gcod_usnfcvwscm8as8yfmgeetgczmjhm5
Food Lion #2850 (CHS),5982 West Jim Bilton Boulevard,29477,Saint George,SC,Island Brands,Island Coastal Lager,33.196141,-80.599665,1,rooftop,5982 W Jim Bilton Blvd,,"Saint George, SC 29477",5982,W Jim Bilton Blvd,,,Saint George,SC,Dorchester County,29477,US,Statewide SC,gcod_usnfb6qvkbkn6uw7xcpdq8tvex2kf
Parkers #79 (CHS),1140 Sam Rittenberg Boulevard,29405,Charleston,SC,Island Brands,Island Coastal Lager,32.819443,-79.992981,0.99,rooftop,1140 Sam Rittenberg Blvd,,"Charleston, SC 29407",1140,Sam Rittenberg Blvd,,,Charleston,SC,Charleston County,29407,US,Charleston County GIS,gcod_usngraghaq6me4f9gvkyax99y6mpd
Circle K #2720492 (CHS),1206 Palm Boulevard,29451,Isle Of Palms,SC,Island Brands,Island Coastal Lager,32.787605,-79.788587,1,rooftop,1206 Palm Blvd,,"Isle of Palms, SC 29451",1206,Palm Blvd,,,Isle of Palms,SC,Charleston County,29451,US,Statewide SC,gcod_usnujauxvc77hc2h6wwaa7p3hc3y4
Refuel #48 (CHS),605 Brighton Park Boulevard,29486,Summerville,SC,Island Brands,Island Coastal Lager,33.05615,-80.152044,1,rooftop,605 Brighton Park Blvd,,"Summerville, SC 29486",605,Brighton Park Blvd,,,Summerville,SC,Berkeley County,29486,US,Berkeley,gcod_usnmelthsh8humh73hcs5xlyrcbme
V Go #21 - Savannah Hwy (CHS),1406 Savannah Highway,29407,Charleston,SC,Island Brands,Island Coastal Lager,32.785119,-80.001894,1,rooftop,1406 Savannah Hwy,,"Charleston, SC 29407",1406,Savannah Hwy,,,Charleston,SC,Charleston County,29407,US,Charleston County GIS,gcod_usn84spdtwcpkaebqaec7w88a9fdc
King Street Station (CHS),356 King Street,29401,Charleston,SC,Island Brands,Island Coastal Lager,32.785061,-79.935611,1,rooftop,356 King St,,"Charleston, SC 29401",356,King St,,,Charleston,SC,Charleston County,29401,US,Charleston County GIS,gcod_usnf5vftuxyvqdfcghw3zbt3ltv8a
Harris Teeter #455 (CHS),1739 Maybank Highway,29412,Charleston,SC,Island Brands,Island Coastal Lager,32.761902,-79.977026,1,rooftop,1739 Maybank Hwy,,"Charleston, SC 29412",1739,Maybank Hwy,,,Charleston,SC,Charleston County,29412,US,Charleston County GIS,gcod_usnhlgspal559gt9pbdg83n6czla7
Harris Teeter #28 (CHS),675 Folly Road,29412,Charleston,SC,Island Brands,Island Coastal Lager,32.746308,-79.971944,1,rooftop,675 Folly Rd,,"Charleston, SC 29412",675,Folly Rd,,,Charleston,SC,Charleston County,29412,US,Charleston County GIS,gcod_usn8vewwym3yhyn45sql6ctgqukvf
Harris Teeter #456 (CHS),1005 Harbor View Road,29412,Charleston,SC,Island Brands,Island Coastal Lager,32.741825,-79.936152,1,rooftop,1005 Harbor View Rd,,"Charleston, SC 29412",1005,Harbor View Rd,,,Charleston,SC,Charleston County,29412,US,Charleston County GIS,gcod_usnjbbjrcwrm6nd8bgltbg3hwjmqh
Parkers #121 (CHS),3018 South Live Oak Drive,29461,Moncks Corner,SC,Island Brands,Island Coastal Lager,33.089446,-80.079603,1,rooftop,3018 S Live Oak Dr,,"Moncks Corner, SC 29461",3018,S Live Oak Dr,,,Moncks Corner,SC,Berkeley County,29461,US,Berkeley,gcod_usnnp7ntbkqjte35kqa86pe42yuwd
Parkers #81 (CHS),106 Foxbank Plantation Boulevard,29461,Moncks Corner,SC,Island Brands,Island Coastal Lager,33.096343,-80.031391,1,rooftop,106 Foxbank Plantation Blvd,,"Moncks Corner, SC 29461",106,Foxbank Plantation Blvd,,,Moncks Corner,SC,Berkeley County,29461,US,Berkeley,gcod_usnbqwbsvckxlwwdcsak2w2hmunu2
General Foods IGA - Walterboro #5224 (CHS),601 Wichman Street,29488,Walterboro,SC,Island Brands,Island Coastal Lager,32.904994,-80.6612,1,rooftop,601 Wichman St,,"Walterboro, SC 29488",601,Wichman St,,,Walterboro,SC,Colleton County,29488,US,Statewide SC,gcod_usnbxedlle856led6dr6q35q9yjt6
Harris Teeter #19 (CHS),920 Houston Northcutt Boulevard,29464,Mount Pleasant,SC,Island Brands,Island Coastal Lager,32.801986,-79.891771,1,rooftop,920 Houston Northcutt Blvd,,"Mount Pleasant, SC 29464",920,Houston Northcutt Blvd,,,Mount Pleasant,SC,Charleston County,29464,US,Charleston County GIS,gcod_usngrsapbubnazngkdrlambxh9tm9
Fresh Market #260 (CHS),1118 Bowman Road,29464,Mount Pleasant,SC,Island Brands,Island Coastal Lager,32.811861,-79.852392,1,rooftop,1118 Bowman Rd,,"Mount Pleasant, SC 29464",1118,Bowman Rd,,,Mount Pleasant,SC,Charleston County,29464,US,Charleston County GIS,gcod_usny5da5sw8bn5k2dk3zkpfj8g7kg
Walmart #1146 (CHS),511 North Highway 52,29461-3132,Moncks Corner,SC,Island Brands,Island Coastal Lager,33.210644,-79.985606,1,rooftop,511 N Highway 52,,"Moncks Corner, SC 29461",511,N Highway 52,,,Moncks Corner,SC,Berkeley County,29461,US,Berkeley,gcod_usn9wkgxx7c35vy9m3m9d5h55t7qb
Circle K #2723882 (CHS),901 Island Park Drive,29492,Charleston,SC,Island Brands,Island Coastal Lager,32.86143,-79.908113,1,rooftop,901 Island Park Dr,,"Daniel Island, SC 29492",901,Island Park Dr,,,Daniel Island,SC,Berkeley County,29492,US,Berkeley,gcod_usnfu34ru7esvzse8g79djphwbqj4
NWS - Navy Exchange (CHS),1765 Red Bank Road,29445,Goose Creek,SC,Island Brands,Island Coastal Lager,32.967002,-79.99396,1,rooftop,1765 Red Bank Rd,,"Goose Creek, SC 29445",1765,Red Bank Rd,,,Goose Creek,SC,Berkeley County,29445,US,Berkeley,gcod_usn93vgfll2l6rx9v7ruux6uy36y6
Harris Teeter #277 (CHS),290 East Bay Street,29401,Charleston,SC,Island Brands,Island Coastal Lager,32.784528,-79.928375,1,rooftop,290 E Bay St,,"Charleston, SC 29401",290,E Bay St,,,Charleston,SC,Charleston County,29401,US,Charleston County GIS,gcod_usncncrkar7hbeedta47h7ux2duh9
Food Lion #1499 (CHS),2770 Maybank Highway,29455,Johns Island,SC,Rusty Bull Brewing Company,Rusty Bull Berry Stomp,32.744996,-80.038179,1,rooftop,2770 Maybank Hwy,,"Johns Island, SC 29455",2770,Maybank Hwy,,,Johns Island,SC,Charleston County,29455,US,Charleston County GIS,gcod_usn4bxjjv5r333f3kgfzcckpstevf
Lowe's Foods #270 (CHS),10048 Dorchester Road,29485,Summerville,SC,Rusty Bull Brewing Company,Rusty Bull Berry Stomp,32.953902,-80.164391,1,rooftop,10048 Dorchester Rd,,"Summerville, SC 29485",10048,Dorchester Rd,,,Summerville,SC,Dorchester County,29485,US,Statewide SC,gcod_usn8h8gaawezstt3ye4mddyjzek72
Harris Teeter #406 (CHS),3865 West Ashley Circle,29414,Charleston,SC,Rusty Bull Brewing Company,Rusty Bull Berry Stomp,32.82611,-80.085134,1,rooftop,3865 W Ashley Cir,,"Charleston, SC 29414",3865,W Ashley Cir,,,Charleston,SC,Charleston County,29414,US,Charleston County GIS,gcod_usn5ellk4397mzrda7wm6m2gjapud
Harris Teeter #451 (CHS),515 Freshfields Drive,29455,Johns Island,SC,Rusty Bull Brewing Company,Rusty Bull Berry Stomp,32.606859,-80.147828,1,rooftop,515 Freshfields Dr,,"Johns Island, SC 29455",515,Freshfields Dr,,,Johns Island,SC,Charleston County,29455,US,Statewide SC,gcod_usnl9szn6wbplga674zlzdemurkp9
Earth Fare #205 - Summerville (CHS),1101 North Main Street,29483,Summerville,SC,Rusty Bull Brewing Company,Rusty Bull Berry Stomp,33.031847,-80.162841,1,rooftop,1101 N Main St,,"Summerville, SC 29483",1101,N Main St,,,Summerville,SC,Berkeley County,29483,US,Berkeley,gcod_usnhwykyhvs5te763am7cwak44wy3
Lowe's Foods #279 (CHS),1000 Tanner Ford Boulevard,29410-4707,Hanahan,SC,Rusty Bull Brewing Company,Rusty Bull Berry Stomp,32.934126,-79.999537,1,rooftop,1000 Tanner Ford Blvd,,"Hanahan, SC 29410",1000,Tanner Ford Blvd,,,Hanahan,SC,Berkeley County,29410,US,Berkeley,gcod_usnmgk5jbr5gqvxhk25sczmwgsyt7
Bottles Beverage - Summerville (CHS),1110B North Main Street,29483-7326,Summerville,SC,Rusty Bull Brewing Company,Rusty Bull Berry Stomp,33.033964,-80.162111,1,rooftop,1110 N Main St,,"Summerville, SC 29483",1110,N Main St,,,Summerville,SC,Berkeley County,29483,US,Berkeley,gcod_usnhwykyhvs5te76qjbd8nlhkmeqf
NWS - Navy Exchange (CHS),1765 Red Bank Road,29445,Goose Creek,SC,Rusty Bull Brewing Company,Rusty Bull Berry Stomp,32.967002,-79.99396,1,rooftop,1765 Red Bank Rd,,"Goose Creek, SC 29445",1765,Red Bank Rd,,,Goose Creek,SC,Berkeley County,29445,US,Berkeley,gcod_usn93vgfll2l6rx9v7ruux6uy36y6
Food Lion #1691 (CHS),2144 Savannah Highway,29414-5312,Charleston,SC,Rusty Bull Brewing Company,Rusty Bull Berry Stomp,32.792784,-80.036881,1,rooftop,2144 Savannah Hwy,,"Charleston, SC 29414",2144,Savannah Hwy,,,Charleston,SC,Charleston County,29414,US,City of Charleston,gcod_usnewq83dry5bvz642gbheztph3q2
Harris Teeter #452 (CHS),1513 Palm Boulevard,29451,Isle Of Palms,SC,Rusty Bull Brewing Company,Rusty Bull Berry Stomp,32.789545,-79.787191,1,rooftop,1513 Palm Blvd,,"Isle of Palms, SC 29451",1513,Palm Blvd,,,Isle of Palms,SC,Charleston County,29451,US,Statewide SC,gcod_usnujauxvc77hc2h7xqx5wwypslcg
Food Lion #2247 (CHS),2915 West Fifth Street,29483,Summerville,SC,Rusty Bull Brewing Company,Rusty Bull Berry Stomp,33.056501,-80.240196,0.92,rooftop,2915 W 5 North St,,"Summerville, SC 29483",2915,W 5 North St,,,Summerville,SC,Dorchester County,29483,US,Statewide SC,gcod_usn5fegx2pkq4mrdgpjc7np8yv2l8
Jadoon's Market (CHS),5137 North Rhett Avenue,29405,North Charleston,SC,Rusty Bull Brewing Company,Rusty Bull Cuban Lager,32.89165,-79.985853,1,rooftop,5137 N Rhett Ave,,"North Charleston, SC 29405",5137,N Rhett Ave,,,North Charleston,SC,Charleston County,29405,US,Charleston County GIS,gcod_usnj6quy3n8jhtx2w9kpnnvuds6f7
Total Wine & More #702-W Ashley (CHS),1820-A Ashley River Road,29407,Charleston,SC,Rusty Bull Brewing Company,Rusty Bull Cuban Lager,32.803356,-80.017078,1,rooftop,1820 Ashley River Rd,,"Charleston, SC 29407",1820,Ashley River Rd,,,Charleston,SC,Charleston County,29407,US,Charleston County GIS,gcod_usna2372jezulbrebh8bdj4qn4dg7
Total Wine & More #705-Mt P (CHS),1501 North Highway 17,29464,Mount Pleasant,SC,Rusty Bull Brewing Company,Rusty Bull Cuban Lager,32.816014,-79.842754,1,rooftop,1501 N Highway 17,,"Mount Pleasant, SC 29464",1501,N Highway 17,,,Mount Pleasant,SC,Charleston County,29464,US,Statewide SC,gcod_usnyea6lrfd2pqdg2g7t4u26qzru3
Beer Man (CHS),214 Saint James Avenue,29445,Goose Creek,SC,Rusty Bull Brewing Company,Rusty Bull Cuban Lager,33.009413,-80.044382,1,rooftop,214 St James Ave,,"Goose Creek, SC 29445",214,St James Ave,,,Goose Creek,SC,Berkeley County,29445,US,Berkeley,gcod_usnm8e8bdxlnglt8ryume9hcr9la2
Kroger #703 (CHS),27 Discovery Drive,29910,Bluffton,SC,Rusty Bull Brewing Company,Rusty Bull Dance Naked,32.273899,-80.917513,1,rooftop,27 Discovery Dr,,"Bluffton, SC 29910",27,Discovery Dr,,,Bluffton,SC,Beaufort County,29910,US,Beaufort,gcod_usn46r6t9cdp2nv6zg9a3ykbyvl2c
Lowe's Foods #265 (CHS),2110 SC Highway 41,29466,Mount Pleasant,SC,Rusty Bull Brewing Company,Rusty Bull Dance Naked,32.906035,-79.822929,1,rooftop,2110 SC-41,,"Mount Pleasant, SC 29466",2110,SC-41,,,Mount Pleasant,SC,Charleston County,29466,US,Charleston County GIS,gcod_usn5m2gbphrzv7t4grf6wtn68nc6b
Harris Teeter #28 (CHS),675 Folly Road,29412,Charleston,SC,Rusty Bull Brewing Company,Rusty Bull Dance Naked,32.746308,-79.971944,1,rooftop,675 Folly Rd,,"Charleston, SC 29412",675,Folly Rd,,,Charleston,SC,Charleston County,29412,US,Charleston County GIS,gcod_usn8vewwym3yhyn45sql6ctgqukvf
Harris Teeter #368 (CHS),1269 Nexton Parkway,29486,Summerville,SC,Rusty Bull Brewing Company,Rusty Bull Dance Naked,33.05892,-80.150878,1,rooftop,1269 Nexton Pkwy,,"Summerville, SC 29486",1269,Nexton Pkwy,,,Summerville,SC,Berkeley County,29486,US,Berkeley,gcod_usn5z2b4glreqhef99ymguhh96nn8
Harris Teeter #355 (CHS),680 Bacons Bridge Road,29485,Summerville,SC,Rusty Bull Brewing Company,Rusty Bull Dance Naked,32.999586,-80.185617,1,rooftop,680 Bacons Bridge Rd,,"Summerville, SC 29485",680,Bacons Bridge Rd,,,Summerville,SC,Dorchester County,29485,US,Charleston County GIS,gcod_usnsgtwky75r2bfdx3eer8297rqud
Kwik Stop Foods - Sam Rit (CHS),1574 Sam Rittenberg Boulevard,29407,Charleston,SC,Rusty Bull Brewing Company,Rusty Bull Dance Naked,32.807512,-80.008931,1,rooftop,1574 Sam Rittenberg Blvd,,"Charleston, SC 29407",1574,Sam Rittenberg Blvd,,,Charleston,SC,Charleston County,29407,US,Charleston County GIS,gcod_usngraghaq6me4f9nvtyqaeukmd9d
Harris Teeter #365 (CHS),975 Savannah Highway,29407,Charleston,SC,Rusty Bull Brewing Company,Rusty Bull Dance Naked,32.78246,-79.991036,1,rooftop,975 Savannah Hwy,,"Charleston, SC 29407",975,Savannah Hwy,,,Charleston,SC,Charleston County,29407,US,Charleston County GIS,gcod_usn84spdtwcpkaebq4tnpl93zuv72
V Go #16 - Colony DR/61 (CHS),642 Saint Andrews Boulevard,29407,Charleston,SC,Rusty Bull Brewing Company,Rusty Bull Dance Naked,32.785691,-79.979062,1,rooftop,642 St Andrews Blvd,,"Charleston, SC 29407",642,St Andrews Blvd,,,Charleston,SC,Charleston County,29407,US,Charleston County GIS,gcod_usnyg7nrlaxveq237dp3xcnj4eb4g
Harris Teeter #455 (CHS),1739 Maybank Highway,29412,Charleston,SC,Rusty Bull Brewing Company,Rusty Bull Dance Naked,32.761902,-79.977026,1,rooftop,1739 Maybank Hwy,,"Charleston, SC 29412",1739,Maybank Hwy,,,Charleston,SC,Charleston County,29412,US,Charleston County GIS,gcod_usnhlgspal559gt9pbdg83n6czla7
Harris Teeter #363 (CHS),9500 Dorchester Road,29485,Summerville,SC,Rusty Bull Brewing Company,Rusty Bull Dance Naked,32.936631,-80.141339,1,rooftop,9500 Dorchester Rd,,"Summerville, SC 29485",9500,Dorchester Rd,,,Summerville,SC,Dorchester County,29485,US,Statewide SC,gcod_usn8h8gaawezstt3jgpxvjes9lzs2
Springtide Market - Fripp (CHS),1 Tarpon Boulevard,29920,Saint Helena Island,SC,Rusty Bull Brewing Company,Rusty Bull Dance Naked,32.33524,-80.466244,1,rooftop,1 Tarpon Blvd,,"Saint Helena Island, SC 29920",1,Tarpon Blvd,,,Saint Helena Island,SC,Beaufort County,29920,US,Beaufort,gcod_usnqj84w7bbqd5a3kv9w39jbkka3c
Earth Fare #200 - Windermere (CHS),74 Folly Road Boulevard,29407,Charleston,SC,Rusty Bull Brewing Company,Rusty Bull Dance Naked,32.776574,-79.974881,1,rooftop,74 Folly Road Blvd,,"Charleston, SC 29407",74,Folly Road Blvd,,,Charleston,SC,Charleston County,29407,US,Charleston County GIS,gcod_usnzad46wxkd47uhf2tv7qzv6zzn4
The Sea Store (CHS),7 Lockwood Drive,29401-1122,Charleston,SC,Rusty Bull Brewing Company,Rusty Bull Dance Naked,32.779111,-79.949875,1,rooftop,7 Lockwood Dr,,"Charleston, SC 29401",7,Lockwood Dr,,,Charleston,SC,Charleston County,29401,US,Charleston County GIS,gcod_usnfcvwscm8as8yfmgeetgczmjhm5
Harris Teeter #429 (CHS),163 Sea Island Parkway,29907,Beaufort,SC,Rusty Bull Brewing Company,Rusty Bull Dance Naked,32.414326,-80.648517,1,rooftop,163 Sea Island Pkwy,,"Beaufort, SC 29907",163,Sea Island Pkwy,,,Beaufort,SC,Beaufort County,29907,US,Beaufort,gcod_usne6p2ye6mzh64clx2yaaytd7lr9
Harris Teeter #410 (CHS),1812 Sam Rittenberg Boulevard,29407,Charleston,SC,Rusty Bull Brewing Company,Rusty Bull Dance Naked,32.802526,-80.019691,1,rooftop,1812 Sam Rittenberg Blvd,,"Charleston, SC 29407",1812,Sam Rittenberg Blvd,,,Charleston,SC,Charleston County,29407,US,Charleston County GIS,gcod_usngraghaq6me4f9bly63x3rkusq7
Harris Teeter #87 (CHS),620 Long Point Road,29464,Mount Pleasant,SC,Rusty Bull Brewing Company,Rusty Bull Dance Naked,32.839684,-79.857002,1,rooftop,620 Long Point Rd,,"Mount Pleasant, SC 29464",620,Long Point Rd,,,Mount Pleasant,SC,Charleston County,29464,US,Charleston County GIS,gcod_usnq9vmw4t26q7eeb7nk9f8pd3353
Harris Teeter #423 (CHS),33 Office Park Road,29928,Hilton Head Island,SC,Rusty Bull Brewing Company,Rusty Bull Dance Naked,32.151985,-80.767237,1,rooftop,33 Office Park Rd,,"Hilton Head Island, SC 29928",33,Office Park Rd,,,Hilton Head Island,SC,Beaufort County,29928,US,Beaufort,gcod_usnkgetvlln89s3gkvy2qy4b7rfnc
Carolina Spirits (CHS),8350 Dorchester Road,29418,North Charleston,SC,Rusty Bull Brewing Company,Rusty Bull Juice Juice,32.913793,-80.106168,1,rooftop,8350 Dorchester Rd,,"North Charleston, SC 29418",8350,Dorchester Rd,,,North Charleston,SC,Dorchester County,29418,US,Statewide SC,gcod_usnzuyc9ue35yh7dv85xtht6xbp46
Olde Village Market & Deli (CHS),1073 East Montague Avenue,29405,North Charleston,SC,Rusty Bull Brewing Company,Rusty Bull Juice Juice,32.881303,-79.976651,1,rooftop,1073 E Montague Ave,,"North Charleston, SC 29405",1073,E Montague Ave,,,North Charleston,SC,Charleston County,29405,US,Charleston County GIS,gcod_usnd57utpkg2zx45t5dzeqg8map49
Palmetto Mart (CHS),7540 Dorchester Road,29418,North Charleston,SC,Rusty Bull Brewing Company,Rusty Bull Juice Juice,32.902676,-80.078615,1,rooftop,7540 Dorchester Rd,,"North Charleston, SC 29418",7540,Dorchester Rd,,,North Charleston,SC,Charleston County,29418,US,Charleston County GIS,gcod_usnzuyc9ue35yh7dydkusbxn7fgme
Daddy O's Beer And Wine (CHS),6A Young Clyde Court,29909-7545,Bluffton,SC,Rusty Bull Brewing Company,Rusty Bull Juice Juice,32.297782,-80.949252,0.8,nearest_rooftop_match,6 Young Clyde Ct,,"Bluffton, SC 29909",6,Young Clyde Ct,,,Bluffton,SC,Beaufort County,29909,US,Beaufort,gcod_usn46p8aedztpctft34phxg447bee
Harris Teeter #19 (CHS),920 Houston Northcutt Boulevard,29464,Mount Pleasant,SC,Rusty Bull Brewing Company,Rusty Bull Juice Juice,32.801986,-79.891771,1,rooftop,920 Houston Northcutt Blvd,,"Mount Pleasant, SC 29464",920,Houston Northcutt Blvd,,,Mount Pleasant,SC,Charleston County,29464,US,Charleston County GIS,gcod_usngrsapbubnazngkdrlambxh9tm9
Lowe's Foods #293 (CHS),3575 Maybank Highway,29455,Johns Island,SC,Rusty Bull Brewing Company,Rusty Bull Juice Juice,32.720764,-80.080736,1,rooftop,3575 Maybank Hwy,,"Johns Island, SC 29455",3575,Maybank Hwy,,,Johns Island,SC,Charleston County,29455,US,Charleston County GIS,gcod_usn4bxjjv5r333f3nyp67nwweylca
Bottles Beverage - Mt Pleasant (CHS),610 Coleman Boulevard,29464,Mount Pleasant,SC,Rusty Bull Brewing Company,Rusty Bull Juice Juice,32.791971,-79.874986,1,rooftop,610 Coleman Blvd,,"Mount Pleasant, SC 29464",610,Coleman Blvd,,,Mount Pleasant,SC,Charleston County,29464,US,Charleston County GIS,gcod_usnstsra729yz4t4exjyrtgvw7gvf
Harris Teeter #457 (CHS),1220 Ben Sawyer Boulevard,29464,Mount Pleasant,SC,Rusty Bull Brewing Company,Rusty Bull Juice Juice,32.795429,-79.859914,1,rooftop,1220 Ben Sawyer Blvd,,"Mount Pleasant, SC 29464",1220,Ben Sawyer Blvd,,,Mount Pleasant,SC,Charleston County,29464,US,Charleston County GIS,gcod_usn4drgl74yfzeshkvf2926x6qrz2
Harris Teeter #131 (CHS),2035 Highway 41,29466,Mount Pleasant,SC,Rusty Bull Brewing Company,Rusty Bull Juice Juice,32.897823,-79.821698,1,rooftop,2035 SC-41,,"Mount Pleasant, SC 29466",2035,SC-41,,,Mount Pleasant,SC,Charleston County,29466,US,Charleston County GIS,gcod_usn5m2gbphrzv7t44wergf5mt3zw9
FIFO Charleston (CHS),1600 Charleston Regional Parkway,29492,Charleston,SC,Rusty Bull Brewing Company,Rusty Bull Tumbling Monk,32.912188,-79.909025,1,rooftop,1600 Charleston Regional Pkwy,,"Charleston, SC 29492",1600,Charleston Regional Pkwy,,,Charleston,SC,Berkeley County,29492,US,Berkeley,gcod_usnpzcq7ymc6wa8fxsb7qfh3rqa5g
KOA-Point South (CHS),14 Campground Road,29945,Yemassee,SC,Southern Barrel Brewing Company,Southern Barrel Beach Bully Pale Ale,32.624846,-80.881762,1,rooftop,14 Campground Rd,,"Yemassee, SC 29945",14,Campground Rd,,,Yemassee,SC,Jasper County,29945,US,Jasper,gcod_usn33zwytrb46p9dm82ue3ryfazp6
Lowe's Foods #265 (CHS),2110 SC Highway 41,29466,Mount Pleasant,SC,Southern Barrel Brewing Company,Southern Barrel Beach Bully Pale Ale,32.906035,-79.822929,1,rooftop,2110 SC-41,,"Mount Pleasant, SC 29466",2110,SC-41,,,Mount Pleasant,SC,Charleston County,29466,US,Charleston County GIS,gcod_usn5m2gbphrzv7t4grf6wtn68nc6b
Kroger #703 (CHS),27 Discovery Drive,29910,Bluffton,SC,Southern Barrel Brewing Company,Southern Barrel Beach Bully Pale Ale,32.273899,-80.917513,1,rooftop,27 Discovery Dr,,"Bluffton, SC 29910",27,Discovery Dr,,,Bluffton,SC,Beaufort County,29910,US,Beaufort,gcod_usn46r6t9cdp2nv6zg9a3ykbyvl2c
Publix #1354 (CHS),112 Nickle Plate Road,29927,Hardeeville,SC,Southern Barrel Brewing Company,Southern Barrel Beach Bully Pale Ale,32.30821,-80.973388,1,rooftop,112 Nickel Plate Rd,,"Hardeeville, SC 29927",112,Nickel Plate Rd,,,Hardeeville,SC,Jasper County,29927,US,Jasper,gcod_usn2sly6sbgzy6rhmv7zuz7bcj85c
Daddy O's Beer And Wine (CHS),6A Young Clyde Court,29909-7545,Bluffton,SC,Southern Barrel Brewing Company,Southern Barrel Beach Bully Pale Ale,32.297782,-80.949252,0.8,nearest_rooftop_match,6 Young Clyde Ct,,"Bluffton, SC 29909",6,Young Clyde Ct,,,Bluffton,SC,Beaufort County,29909,US,Beaufort,gcod_usn46p8aedztpctft34phxg447bee
Rollers Conv Lagoon (CHS),6 Lagoon Road,29928-6443,Hilton Head Island,SC,Southern Barrel Brewing Company,Southern Barrel Beach Bully Pale Ale,32.143802,-80.752017,1,rooftop,6 Lagoon Rd,,"Hilton Head Island, SC 29928",6,Lagoon Rd,,,Hilton Head Island,SC,Beaufort County,29928,US,Beaufort,gcod_usncmtcne8zdfvnezfvgfumq7tqwc
Publix #1205 (CHS),101 Buckwalter Place Boulevard,29910-5155,Bluffton,SC,Southern Barrel Brewing Company,Southern Barrel Beach Bully Pale Ale,32.270532,-80.916747,1,rooftop,101 Buckwalter Place Blvd,,"Bluffton, SC 29910",101,Buckwalter Place Blvd,,,Bluffton,SC,Beaufort County,29910,US,Beaufort,gcod_usnkr4gvcnpqhmk3wxgqvjuy2n88b
College Market (CHS),543 King Street,29403,Charleston,SC,Southern Barrel Brewing Company,Southern Barrel Beach Bully Pale Ale,32.791134,-79.940127,1,rooftop,543 King St,,"Charleston, SC 29403",543,King St,,,Charleston,SC,Charleston County,29403,US,Charleston County GIS,gcod_usn2dwm2dywj3juaprq2qg7hcajla
Whole Foods #10698 (CHS),1125 Savannah Highway,29407,Charleston,SC,Southern Barrel Brewing Company,Southern Barrel Beach Bully Pale Ale,32.782767,-79.99632,1,rooftop,1125 Savannah Hwy,,"Charleston, SC 29407",1125,Savannah Hwy,,,Charleston,SC,Charleston County,29407,US,Charleston County GIS,gcod_usn84spdtwcpkaebmj4wk63d5mdyg
Publix #0473 (CHS),45 Pembroke Drive,29926,Hilton Head Island,SC,Southern Barrel Brewing Company,Southern Barrel Beach Bully Pale Ale,32.210974,-80.725213,1,rooftop,45 Pembroke Dr,,"Hilton Head Island, SC 29926",45,Pembroke Dr,,,Hilton Head Island,SC,Beaufort County,29926,US,Beaufort,gcod_usnm28xeszevjs29fz7ycgzsgdtha
Publix #1714 (CHS),3521 Okatie Highway,29910,Bluffton,SC,Southern Barrel Brewing Company,Southern Barrel Beach Bully Pale Ale,32.191624,-81.02979,0.98,range_interpolation,3521 S Okatie Hwy,,"Hardeeville, SC 29927",3521,S Okatie Hwy,,,Hardeeville,SC,Jasper County,29927,US,TIGER/Line® from the US Census Bureau,gcod_usn4wtr7c33jls44jhytjbj3swgfg
Nickel Pumpers - Bluffton (CHS),2 Bruin Road,29910-8106,Bluffton,SC,Southern Barrel Brewing Company,Southern Barrel Beach Bully Pale Ale,32.236796,-80.860296,1,rooftop,2 Bruin Rd,,"Bluffton, SC 29910",2,Bruin Rd,,,Bluffton,SC,Beaufort County,29910,US,Beaufort,gcod_usnlxej662ajtyjaxalgcvdtvzr7h
Patels Party Shop-HHI (CHS),2 New Orleans Road,29928,Hilton Head Island,SC,Southern Barrel Brewing Company,Southern Barrel Beach Bully Pale Ale,32.158755,-80.753407,1,rooftop,2 New Orleans Rd,,"Hilton Head Island, SC 29928",2,New Orleans Rd,,,Hilton Head Island,SC,Beaufort County,29928,US,Beaufort,gcod_usnxc6ruxw8nxgrhy8p64yz4caxa6
Bottles Beverage - Mt Pleasant (CHS),610 Coleman Boulevard,29464,Mount Pleasant,SC,Southern Barrel Brewing Company,Southern Barrel Bluff Lite,32.791971,-79.874986,1,rooftop,610 Coleman Blvd,,"Mount Pleasant, SC 29464",610,Coleman Blvd,,,Mount Pleasant,SC,Charleston County,29464,US,Charleston County GIS,gcod_usnstsra729yz4t4exjyrtgvw7gvf
Springtide Market - Fripp (CHS),1 Tarpon Boulevard,29920,Saint Helena Island,SC,Southern Barrel Brewing Company,Southern Barrel Bluff Lite,32.33524,-80.466244,1,rooftop,1 Tarpon Blvd,,"Saint Helena Island, SC 29920",1,Tarpon Blvd,,,Saint Helena Island,SC,Beaufort County,29920,US,Beaufort,gcod_usnqj84w7bbqd5a3kv9w39jbkka3c
Palmetto Dunes Store (CHS),1 Queens Folly Road,29928-5109,Hilton Head Island,SC,Southern Barrel Brewing Company,Southern Barrel Bluff Lite,32.388828,-80.541435,0.91,range_interpolation,1 Queens Ct,,"Saint Helena Island, SC 29920",1,Queens Ct,,,Saint Helena Island,SC,Beaufort County,29920,US,TIGER/Line® from the US Census Bureau,gcod_usn8pv9ktc8ezssfuvqh2h34a6hd9
Bill's Party # 7 - Lady's Island (CHS),132B Sea Island Parkway,29907-1502,Beaufort,SC,Southern Barrel Brewing Company,Southern Barrel Bluff Lite,32.414988,-80.653749,1,rooftop,132 Sea Island Pkwy,,"Beaufort, SC 29907",132,Sea Island Pkwy,,,Beaufort,SC,Beaufort County,29907,US,Beaufort,gcod_usne6p2ye6mzh64cn5ugwyrweuhg7
RTs Market (CHS),12 Westerwald Street,29910-8300,Bluffton,SC,Southern Barrel Brewing Company,Southern Barrel Bluff Lite,32.207513,-80.885846,1,rooftop,12 Westerwald St,,"Bluffton, SC 29910",12,Westerwald St,,,Bluffton,SC,Beaufort County,29910,US,Beaufort,gcod_usngrpqylgggdpq2gqkpfzn4nu3q6
Tailwind HHH (CHS),120 Beach City Road,29926,Hilton Head Island,SC,Southern Barrel Brewing Company,Southern Barrel Damn Yankee IPA,32.226527,-80.698804,1,rooftop,120 Beach City Rd,,"Hilton Head Island, SC 29926",120,Beach City Rd,,,Hilton Head Island,SC,Beaufort County,29926,US,Beaufort,gcod_usnvsflg2qlpjn7hbp8k95hg5xwfd
Parkers #56 (CHS),8251 Pinellas Drive,29910-4133,Bluffton,SC,Southern Barrel Brewing Company,Southern Barrel Damn Yankee New England IPA,32.282317,-80.909965,1,rooftop,8251 Pinellas Dr,,"Bluffton, SC 29910",8251,Pinellas Dr,,,Bluffton,SC,Beaufort County,29910,US,Beaufort,gcod_usn5bwz65wyv9kv7mbhsh347ylye2
Harris Teeter #429 (CHS),163 Sea Island Parkway,29907,Beaufort,SC,Southern Barrel Brewing Company,Southern Barrel Damn Yankee New England IPA,32.414326,-80.648517,1,rooftop,163 Sea Island Pkwy,,"Beaufort, SC 29907",163,Sea Island Pkwy,,,Beaufort,SC,Beaufort County,29907,US,Beaufort,gcod_usne6p2ye6mzh64clx2yaaytd7lr9
Parkers #36 (CHS),2 Gateway Village Road,29910,Bluffton,SC,Southern Barrel Brewing Company,Southern Barrel Damn Yankee New England IPA,32.253829,-80.845759,1,rooftop,2 Gateway Village Rd,,"Bluffton, SC 29910",2,Gateway Village Rd,,,Bluffton,SC,Beaufort County,29910,US,Beaufort,gcod_usn3z2wghd4lyxfd85dau2wdsnss8
Parkers #67 (CHS),856 Sea Island Parkway,29920-3902,Beaufort,SC,Southern Barrel Brewing Company,Southern Barrel Damn Yankee New England IPA,32.396441,-80.577244,1,rooftop,856 Sea Island Pkwy,,"Saint Helena Island, SC 29920",856,Sea Island Pkwy,,,Saint Helena Island,SC,Beaufort County,29920,US,Beaufort,gcod_usnnsy7fwercp7v785ad5ra8g2q62
Publix #1646 (CHS),730 Hopewell Drive,29492,Charleston,SC,Southern Barrel Brewing Company,Southern Barrel Damn Yankee New England IPA,32.921594,-79.871326,1,rooftop,730 Hopewell Dr,,"Charleston, SC 29492",730,Hopewell Dr,,,Charleston,SC,Berkeley County,29492,US,Berkeley,gcod_usnk23ft8lc378292awzevlj9evt6
Publix #0700 (CHS),11 Palmetto Bay Road,29928-3293,Hilton Head Island,SC,Southern Barrel Brewing Company,Southern Barrel Damn Yankee New England IPA,32.156668,-80.765464,1,rooftop,11 Palmetto Bay Rd,,"Hilton Head Island, SC 29928",11,Palmetto Bay Rd,,,Hilton Head Island,SC,Beaufort County,29928,US,Beaufort,gcod_usnzax6rwbzbtjs76l7knz8tyaqn8
Parkers #38 (CHS),1286 Fording Island Road,29910,Bluffton,SC,Southern Barrel Brewing Company,Southern Barrel Damn Yankee New England IPA,32.245536,-80.830243,1,rooftop,1286 US-278,,"Bluffton, SC 29910",1286,US-278,,,Bluffton,SC,Beaufort County,29910,US,Beaufort,gcod_usncty3nzmya4rz42wjyel22334p7
Publix #1716 (CHS),33 Robert Smalls Parkway,29906,Beaufort,SC,Southern Barrel Brewing Company,Southern Barrel Damn Yankee New England IPA,32.437662,-80.704822,1,rooftop,33 Robert Smalls Pkwy,,"Beaufort, SC 29906",33,Robert Smalls Pkwy,,,Beaufort,SC,Beaufort County,29906,US,Beaufort,gcod_usnhpcqlrc2q22t86fas8ktjzfv23
Ribaut One Stop (CHS),1190 Ribaut Road,29902-6107,Beaufort,SC,Southern Barrel Brewing Company,Southern Barrel Damn Yankee New England IPA,32.406338,-80.686046,1,rooftop,1190 Ribaut Rd,,"Beaufort, SC 29902",1190,Ribaut Rd,,,Beaufort,SC,Beaufort County,29902,US,Beaufort,gcod_usnszbuufjnp92e4zu9elhmqefwq2
Plantation Gas & Go (CHS),69 Lighthouse Road,29928-5349,Hilton Head Island,SC,Southern Barrel Brewing Company,Southern Barrel Damn Yankee New England IPA,32.130996,-80.800001,1,rooftop,69 Lighthouse Rd,,"Hilton Head Island, SC 29928",69,Lighthouse Rd,,,Hilton Head Island,SC,Beaufort County,29928,US,Beaufort,gcod_usnk2bqyergn4dk6psq35jdquzlw9
Blue Water #17 (CHS),100 Buckwalter Place Boulevard,29910,Bluffton,SC,Southern Barrel Brewing Company,Southern Barrel Damn Yankee New England IPA,32.272393,-80.916917,1,rooftop,100 Buckwalter Place Blvd,,"Bluffton, SC 29910",100,Buckwalter Place Blvd,,,Bluffton,SC,Beaufort County,29910,US,Beaufort,gcod_usnkr4gvcnpqhmk3pzn46gepxwum5
Jadoon's Market (CHS),5137 North Rhett Avenue,29405,North Charleston,SC,Southern Barrel Brewing Company,Southern Barrel Damn Yankee New England IPA,32.89165,-79.985853,1,rooftop,5137 N Rhett Ave,,"North Charleston, SC 29405",5137,N Rhett Ave,,,North Charleston,SC,Charleston County,29405,US,Charleston County GIS,gcod_usnj6quy3n8jhtx2w9kpnnvuds6f7
Walmart #0632 (CHS),1481 US Highway 17,29464,Mount Pleasant,SC,Southern Barrel Brewing Company,Southern Barrel Damn Yankee New England IPA,32.814082,-79.845456,1,rooftop,1481 N Highway 17,,"Mount Pleasant, SC 29464",1481,N Highway 17,,,Mount Pleasant,SC,Charleston County,29464,US,Charleston County GIS,gcod_usnyea6lrfd2pqdgktvvwnjes6zxf
Harris Teeter #451 (CHS),515 Freshfields Drive,29455,Johns Island,SC,Southern Barrel Brewing Company,Southern Barrel Damn Yankee New England IPA,32.606859,-80.147828,1,rooftop,515 Freshfields Dr,,"Johns Island, SC 29455",515,Freshfields Dr,,,Johns Island,SC,Charleston County,29455,US,Statewide SC,gcod_usnl9szn6wbplga674zlzdemurkp9
Nouria #1392/Enmarket #831 (CHS),1010 Fording Island Road,29910-4869,Bluffton,SC,Southern Barrel Brewing Company,Southern Barrel Damn Yankee New England IPA,32.256234,-80.850026,1,rooftop,1010 US-278,,"Bluffton, SC 29910",1010,US-278,,,Bluffton,SC,Beaufort County,29910,US,Beaufort,gcod_usncty3nzmya4rz44vdz2t56vmbff
Kroger #499 (CHS),125 Towne Drive,29910-4203,Bluffton,SC,Southern Barrel Brewing Company,Southern Barrel Damn Yankee New England IPA,32.268051,-80.858503,1,rooftop,125 Towne Dr,,"Bluffton, SC 29910",125,Towne Dr,,,Bluffton,SC,Beaufort County,29910,US,Beaufort,gcod_usn9kwt3hjy5htq82hy56qbcn4729
Publix #1463 (CHS),61 Ladys Island Drive,29907-1618,Beaufort,SC,Southern Barrel Brewing Company,Southern Barrel Damn Yankee New England IPA,32.412208,-80.650955,1,rooftop,61 Ladys Island Dr,,"Beaufort, SC 29907",61,Ladys Island Dr,,,Beaufort,SC,Beaufort County,29907,US,Beaufort,gcod_usnv7dnv7anrfnn2frl64yvsc8n98
Harris Teeter #456 (CHS),1005 Harbor View Road,29412,Charleston,SC,Southern Barrel Brewing Company,Southern Barrel Damn Yankee New England IPA,32.741825,-79.936152,1,rooftop,1005 Harbor View Rd,,"Charleston, SC 29412",1005,Harbor View Rd,,,Charleston,SC,Charleston County,29412,US,Charleston County GIS,gcod_usnjbbjrcwrm6nd8bgltbg3hwjmqh
Harris Teeter #385 (CHS),2195 Tea Planter Lane,29466,Mount Pleasant,SC,Southern Barrel Brewing Company,Southern Barrel Damn Yankee New England IPA,32.83941,-79.816624,1,rooftop,2195 Tea Planter Ln,,"Mount Pleasant, SC 29466",2195,Tea Planter Ln,,,Mount Pleasant,SC,Charleston County,29466,US,Charleston County GIS,gcod_usnvvy58ddwyzu565zwwp382nvc76
Parkers #48 (CHS),1705 Ribaut Road,29935,Port Royal,SC,Southern Barrel Brewing Company,Southern Barrel Damn Yankee New England IPA,32.383856,-80.69225,1,rooftop,1705 Ribaut Rd,,"Port Royal, SC 29935",1705,Ribaut Rd,,,Port Royal,SC,Beaufort County,29935,US,Beaufort,gcod_usnxvb2fxvmsrvvbt4m2rubgf7ulc
Publix #1645 (CHS),1411 Folly Road Suite 100,29412,Charleston,SC,Southern Barrel Brewing Company,Southern Barrel Damn Yankee New England IPA,32.714256,-79.96682,1,rooftop,1411 Folly Rd,Ste 100,"Charleston, SC 29412",1411,Folly Rd,Ste,100,Charleston,SC,Charleston County,29412,US,Charleston County GIS,gcod_usn8vewwym3yhyn4gvhld8n2t2tua
Food Lion #2839 (CHS),860 Parris Island Gateway,29906,Beaufort,SC,Southern Barrel Brewing Company,Southern Barrel Damn Yankee New England IPA,32.377391,-80.727268,1,rooftop,860 Parris Island Gtwy,,"Beaufort, SC 29906",860,Parris Island Gtwy,,,Beaufort,SC,Beaufort County,29906,US,Beaufort,gcod_usnekmjq9da9revgg5flb5lh5zjtb
Food Lion #1330 (CHS),1008 Fording Island Road,29910-4886,Bluffton,SC,Southern Barrel Brewing Company,Southern Barrel Damn Yankee New England IPA,32.256607,-80.852044,1,rooftop,1008 US-278,,"Bluffton, SC 29910",1008,US-278,,,Bluffton,SC,Beaufort County,29910,US,Beaufort,gcod_usncty3nzmya4rz4nx9qrblpqbrh2
Walmart #1383 (CHS),350 Robert Smalls Parkway,29906-4284,Beaufort,SC,Southern Barrel Brewing Company,Southern Barrel Damn Yankee New England IPA,32.425369,-80.734167,1,rooftop,350 Robert Smalls Pkwy,,"Beaufort, SC 29906",350,Robert Smalls Pkwy,,,Beaufort,SC,Beaufort County,29906,US,Beaufort,gcod_usnnp8c6avwg4c5b3fj2by9ns4ks5
Food Lion #2691 (CHS),210 Okatie Village Drive,29909-7524,Bluffton,SC,Southern Barrel Brewing Company,Southern Barrel Damn Yankee New England IPA,32.295375,-80.944869,1,rooftop,210 Okatie Village Dr,,"Okatie, SC 29909",210,Okatie Village Dr,,,Okatie,SC,Beaufort County,29909,US,Beaufort,gcod_usnuwqhchtncauffal6ey845mgmq2
Lowe's Foods #278 (CHS),3125 Bees Ferry Road,29414,Charleston,SC,Southern Barrel Brewing Company,Southern Barrel Damn Yankee New England IPA,32.842361,-80.059423,1,rooftop,3125 Bees Ferry Rd,,"Charleston, SC 29414",3125,Bees Ferry Rd,,,Charleston,SC,Charleston County,29414,US,Charleston County GIS,gcod_usnch8msdafj4xd76w6mfxub3z5r7
The Nest - Kiawah (CHS),4000-C Sea Forest Drive,29455,Johns Island,SC,Southern Barrel Brewing Company,Southern Barrel Damn Yankee New England IPA,32.600548,-80.100757,1,rooftop,4000 Sea Forest Dr,,"Johns Island, SC 29455",4000,Sea Forest Dr,,,Johns Island,SC,Charleston County,29455,US,Statewide SC,gcod_usnmzjhpwcu4wbpbufcglb9mucuke
Walmart #0628 (CHS),9880 Dorchester Road,29485,Summerville,SC,Southern Barrel Brewing Company,Southern Barrel Damn Yankee New England IPA,32.95018,-80.155164,1,rooftop,9880 Dorchester Rd,,"Summerville, SC 29485",9880,Dorchester Rd,,,Summerville,SC,Dorchester County,29485,US,Statewide SC,gcod_usn8h8gaawezstt3xznkcwxr9ryh2
Kroger #671 (CHS),42 Shelter Cove Lane,29928,Hilton Head Island,SC,Southern Barrel Brewing Company,Southern Barrel Damn Yankee New England IPA,32.185825,-80.720285,1,rooftop,42 Shelter Cove Ln,,"Hilton Head Island, SC 29928",42,Shelter Cove Ln,,,Hilton Head Island,SC,Beaufort County,29928,US,Beaufort,gcod_usnvtffm9w76pa44gbnry8xac6v57
Fripp Island-Marina (CHS),875 Bonito Drive,29920,Fripp Island,SC,Southern Barrel Brewing Company,Southern Barrel Damn Yankee New England IPA,32.322881,-80.489096,1,rooftop,875 Bonito Dr,,"Saint Helena Island, SC 29920",875,Bonito Dr,,,Saint Helena Island,SC,Beaufort County,29920,US,Beaufort,gcod_usnzh3nrpgbkbvaalcf365aa63t3f
Fresh Market #48 (CHS),890 William Hilton Parkway,29928,Hilton Head Island,SC,Southern Barrel Brewing Company,Southern Barrel Damn Yankee New England IPA,32.169863,-80.739553,1,rooftop,890 William Hilton Pkwy,,"Hilton Head Island, SC 29928",890,William Hilton Pkwy,,,Hilton Head Island,SC,Beaufort County,29928,US,Beaufort,gcod_usnf4g6dweq7zw5b4txcq9c4kknsc
Refuel #1059 (CHS),4 County Shed Road,29906,Beaufort,SC,Southern Barrel Brewing Company,Southern Barrel Damn Yankee New England IPA,32.441286,-80.721824,1,rooftop,4 County Shed Rd,,"Beaufort, SC 29906",4,County Shed Rd,,,Beaufort,SC,Beaufort County,29906,US,Beaufort,gcod_usn3gbtp8mmmyrs5e44zaykbkp64a
Walmart #0728 (CHS),25 Pembroke Drive,29926,Hilton Head Island,SC,Southern Barrel Brewing Company,Southern Barrel Damn Yankee New England IPA,32.211534,-80.728707,1,rooftop,25 Pembroke Dr,,"Hilton Head Island, SC 29926",25,Pembroke Dr,,,Hilton Head Island,SC,Beaufort County,29926,US,Beaufort,gcod_usnm28xeszevjs29zf87zau45c5l9
Food Lion #1499 (CHS),2770 Maybank Highway,29455,Johns Island,SC,Southern Barrel Brewing Company,Southern Barrel Damn Yankee New England IPA,32.744996,-80.038179,1,rooftop,2770 Maybank Hwy,,"Johns Island, SC 29455",2770,Maybank Hwy,,,Johns Island,SC,Charleston County,29455,US,Charleston County GIS,gcod_usn4bxjjv5r333f3kgfzcckpstevf
B&T Fresh Market (CHS),8205 East Main Street,29936,Ridgeland,SC,Southern Barrel Brewing Company,Southern Barrel Damn Yankee New England IPA,32.480185,-80.974338,1,rooftop,8205 E Main St,,"Ridgeland, SC 29936",8205,E Main St,,,Ridgeland,SC,Jasper County,29936,US,Jasper,gcod_usnuxh5d9ur89d7d8kyapwb4h43je
Total Wine & More #702-W Ashley (CHS),1820-A Ashley River Road,29407,Charleston,SC,Southern Barrel Brewing Company,Southern Barrel Damn Yankee New England IPA,32.803356,-80.017078,1,rooftop,1820 Ashley River Rd,,"Charleston, SC 29407",1820,Ashley River Rd,,,Charleston,SC,Charleston County,29407,US,Charleston County GIS,gcod_usna2372jezulbrebh8bdj4qn4dg7
Publix #2090 (CHS),162 Seven Farms Drive,29492,Daniel Island,SC,Southern Barrel Brewing Company,Southern Barrel Damn Yankee New England IPA,32.863656,-79.903566,1,rooftop,162 7 Farms Dr,,"Charleston, SC 29492",162,7 Farms Dr,,,Charleston,SC,Berkeley County,29492,US,Berkeley,gcod_usnqr5pfvu9erlv94yjudjragbkn6
Parkers #91 (CHS),5 Oliver Court,29910,Bluffton,SC,Southern Barrel Brewing Company,Southern Barrel Damn Yankee New England IPA,32.260885,-80.867662,1,rooftop,5 Oliver Ct,,"Bluffton, SC 29910",5,Oliver Ct,,,Bluffton,SC,Beaufort County,29910,US,Beaufort,gcod_usnvvltby2qankr98t7z8s3k3e2yc
Parkers #58 (CHS),12 Savannah Highway,29906-6208,Beaufort,SC,Southern Barrel Brewing Company,Southern Barrel Damn Yankee New England IPA,32.384021,-80.736511,1,rooftop,12 Savannah Hwy,,"Beaufort, SC 29906",12,Savannah Hwy,,,Beaufort,SC,Beaufort County,29906,US,Beaufort,gcod_usnys38yuynvye6gt5xyzbe7xs3ue
Parkers #33 (CHS),469 Buckwalter Parkway,29910,Bluffton,SC,Southern Barrel Brewing Company,Southern Barrel Damn Yankee New England IPA,32.265691,-80.910552,1,rooftop,469 Buckwalter Pkwy,,"Bluffton, SC 29910",469,Buckwalter Pkwy,,,Bluffton,SC,Beaufort County,29910,US,Beaufort,gcod_usn2w3vzfm7sf9a24w7lvlj9y4325
Harris Teeter #423 (CHS),33 Office Park Road,29928,Hilton Head Island,SC,Southern Barrel Brewing Company,Southern Barrel Damn Yankee New England IPA,32.151985,-80.767237,1,rooftop,33 Office Park Rd,,"Hilton Head Island, SC 29928",33,Office Park Rd,,,Hilton Head Island,SC,Beaufort County,29928,US,Beaufort,gcod_usnkgetvlln89s3gkvy2qy4b7rfnc
Total Wine & More #705-Mt P (CHS),1501 North Highway 17,29464,Mount Pleasant,SC,Southern Barrel Brewing Company,Southern Barrel Damn Yankee New England IPA,32.816014,-79.842754,1,rooftop,1501 N Highway 17,,"Mount Pleasant, SC 29464",1501,N Highway 17,,,Mount Pleasant,SC,Charleston County,29464,US,Statewide SC,gcod_usnyea6lrfd2pqdg2g7t4u26qzru3
Hoppers (CHS),11142 North Jacob Smart Boulevard,29936,Ridgeland,SC,Southern Barrel Brewing Company,Southern Barrel Damn Yankee New England IPA,32.485265,-80.977409,1,rooftop,11142 N Jacob Smart Blvd,,"Ridgeland, SC 29936",11142,N Jacob Smart Blvd,,,Ridgeland,SC,Jasper County,29936,US,Jasper,gcod_usn7y3fa4arz3hsdrxdxytcp9jm2d
Yamuna Foodmart (CHS),2935 North Okatie Highway,29936,Ridgeland,SC,Southern Barrel Brewing Company,Southern Barrel Damn Yankee New England IPA,32.341526,-80.92877,1,rooftop,2935 N Okatie Hwy,,"Ridgeland, SC 29936",2935,N Okatie Hwy,,,Ridgeland,SC,Jasper County,29936,US,Jasper,gcod_usn9xzbeup4uqt83l3mfaxsy8acrf
Parkers #90 (CHS),430 William Hilton Parkway,29926,Hilton Head Island,SC,Southern Barrel Brewing Company,Southern Barrel Damn Yankee New England IPA,32.21179,-80.694894,1,range_interpolation,430 William Hilton Pkwy,,"Hilton Head Island, SC 29926",430,William Hilton Pkwy,,,Hilton Head Island,SC,Beaufort County,29926,US,TIGER/Line® from the US Census Bureau,gcod_usnf4g6dweq7zw5bbvyvezp8yzwsf
Parkers #32 (CHS),9227 Evan Way,29910-9321,Bluffton,SC,Southern Barrel Brewing Company,Southern Barrel Damn Yankee New England IPA,32.245201,-80.977405,1,rooftop,9227 Evan Way,,"Bluffton, SC 29910",9227,Evan Way,,,Bluffton,SC,Beaufort County,29910,US,Beaufort,gcod_usnxyjy5zy8hg8nh7yaey9hb8f528
Walmart #6395 (CHS),4 Bluffton Road,29910-7621,Bluffton,SC,Southern Barrel Brewing Company,Southern Barrel Damn Yankee New England IPA,32.25974,-80.854278,1,rooftop,4 Bluffton Rd,,"Bluffton, SC 29910",4,Bluffton Rd,,,Bluffton,SC,Beaufort County,29910,US,Beaufort,gcod_usnlefkvejz5fy6bjcxqyrsetxa43
Parkers #61 (CHS),6 Barrel Landing Road,29909-4644,Okatie,SC,Southern Barrel Brewing Company,Southern Barrel Damn Yankee New England IPA,32.295911,-80.935207,1,rooftop,6 Barrel Landing Rd,,"Okatie, SC 29909",6,Barrel Landing Rd,,,Okatie,SC,Beaufort County,29909,US,Beaufort,gcod_usnstspr6glw62q32ayxhg6mkxk53
Publix #1145 (CHS),3642 Savannah Highway,29455,Johns Island,SC,Southern Barrel Brewing Company,Southern Barrel Damn Yankee New England IPA,32.80489,-80.111841,1,rooftop,3642 Savannah Hwy,,"Johns Island, SC 29455",3642,Savannah Hwy,,,Johns Island,SC,Charleston County,29455,US,Statewide SC,gcod_usn6zbp8y2lk6dt6p7d42njcu42nf
Food Lion #0945 (CHS),10 Sams Point Road,29907-2075,Beaufort,SC,Southern Barrel Brewing Company,Southern Barrel Damn Yankee New England IPA,32.414832,-80.64931,1,range_interpolation,10 Sams Point Rd,,"Beaufort, SC 29907",10,Sams Point Rd,,,Beaufort,SC,Beaufort County,29907,US,TIGER/Line® from the US Census Bureau,gcod_usn35gwlmga5tv56stbzmanbd6hw4
Walmart #3367 (CHS),4920 Centre Pointe Drive,29418,North Charleston,SC,Southern Barrel Brewing Company,Southern Barrel Damn Yankee New England IPA,32.877594,-80.017694,1,rooftop,4920 Centre Pointe Dr,,"North Charleston, SC 29418",4920,Centre Pointe Dr,,,North Charleston,SC,Charleston County,29418,US,Charleston County GIS,gcod_usnlfqaank5hbd4a5zy7qutv4lfqc
Harris Teeter #152 (CHS),301 Main Street,29926,Hilton Head Island,SC,Southern Barrel Brewing Company,Southern Barrel Damn Yankee New England IPA,32.215453,-80.721939,1,rooftop,301 Main St,,"Hilton Head Island, SC 29926",301,Main St,,,Hilton Head Island,SC,Beaufort County,29926,US,Beaufort,gcod_usnkk3b6tgaps4ybhlv36pxf55spf
Walmart #7181 (CHS),265 Sea Island Parkway,29907-1535,Beaufort,SC,Southern Barrel Brewing Company,Southern Barrel Damn Yankee New England IPA,32.407564,-80.633156,1,rooftop,265 Sea Island Pkwy,,"Beaufort, SC 29907",265,Sea Island Pkwy,,,Beaufort,SC,Beaufort County,29907,US,Beaufort,gcod_usne6p2ye6mzh64cxvk8w5d4fb5m6
Piggly Wiggly #286 (CHS),1347 Ribaut Road,29935,Port Royal,SC,Southern Barrel Brewing Company,Southern Barrel Damn Yankee New England IPA,32.399002,-80.683766,1,rooftop,1347 Ribaut Rd,,"Port Royal, SC 29935",1347,Ribaut Rd,,,Port Royal,SC,Beaufort County,29935,US,Beaufort,gcod_usnxvb2fxvmsrvvbk6medcyk9s8n9
Walmart #2348 (CHS),1231 Folly Road,29412,Charleston,SC,Southern Barrel Brewing Company,Southern Barrel Damn Yankee New England IPA,32.720536,-79.967672,1,rooftop,1231 Folly Rd,,"Charleston, SC 29412",1231,Folly Rd,,,Charleston,SC,Charleston County,29412,US,Charleston County GIS,gcod_usn8vewwym3yhyn4kplvxh6evmc49
Publix #1775 (CHS),2830 Highway 52,29461,Moncks Corner,SC,Southern Barrel Brewing Company,Southern Barrel Damn Yankee New England IPA,33.089794,-80.030307,1,rooftop,2830 Highway 52,,"Moncks Corner, SC 29461",2830,Highway 52,,,Moncks Corner,SC,Berkeley County,29461,US,Berkeley,gcod_usnsd4nlt72djz32dykfnn6m2xpj5
Ez Stop #4 (CHS),80-A Blue Heron Drive,29936,Ridgeland,SC,Southern Barrel Brewing Company,Southern Barrel Damn Yankee New England IPA,32.478476,-80.972424,1,rooftop,80 Blue Heron Dr,,"Ridgeland, SC 29936",80,Blue Heron Dr,,,Ridgeland,SC,Jasper County,29936,US,Jasper,gcod_usnqxpx56y2s7rq9cpp3tzbrfnykd
Publix #1599 (CHS),10 Westedge Street,29403-4702,Charleston,SC,Southern Barrel Brewing Company,Southern Barrel Damn Yankee New England IPA,32.786855,-79.95705,1,rooftop,10 Westedge St,,"Charleston, SC 29403",10,Westedge St,,,Charleston,SC,Charleston County,29403,US,Charleston County GIS,gcod_usnryveas3kuuvq22fgqprxxqjlcd
Parkers #43 (CHS),6200 Jennifer Court,29910,Bluffton,SC,Southern Barrel Brewing Company,Southern Barrel Damn Yankee New England IPA,32.239291,-80.878151,1,rooftop,6200 Jennifer Ct,,"Bluffton, SC 29910",6200,Jennifer Ct,,,Bluffton,SC,Beaufort County,29910,US,Beaufort,gcod_usn7c26huuwhyyc7dqyy2fclm9y6g
Piggly Wiggly #101 (CHS),1 North Forest Beach Drive,29928-6478,Hilton Head Island,SC,Southern Barrel Brewing Company,Southern Barrel Damn Yankee New England IPA,32.143409,-80.750369,1,rooftop,1 N Forest Beach Dr,,"Hilton Head Island, SC 29928",1,N Forest Beach Dr,,,Hilton Head Island,SC,Beaufort County,29928,US,Beaufort,gcod_usny6pafw6uftbthssgsbsmg5sbhe
Lowe's Foods #279 (CHS),1000 Tanner Ford Boulevard,29410-4707,Hanahan,SC,Southern Barrel Brewing Company,Southern Barrel Damn Yankee New England IPA,32.934126,-79.999537,1,rooftop,1000 Tanner Ford Blvd,,"Hanahan, SC 29410",1000,Tanner Ford Blvd,,,Hanahan,SC,Berkeley County,29410,US,Berkeley,gcod_usnmgk5jbr5gqvxhk25sczmwgsyt7
Parkers #87 (CHS),3749 Savannah Highway,29455,Johns Island,SC,Southern Barrel Brewing Company,Southern Barrel Damn Yankee New England IPA,32.802856,-80.118744,1,rooftop,3749 Savannah Hwy,,"Johns Island, SC 29455",3749,Savannah Hwy,,,Johns Island,SC,Charleston County,29455,US,Statewide SC,gcod_usn6zbp8y2lk6dt67fg4bmh533sxh
Parkers #66 (CHS),133 Sam's Point Road,29907-2056,Beaufort,SC,Southern Barrel Brewing Company,Southern Barrel Damn Yankee New England IPA,32.42498,-80.643765,1,rooftop,133 Sams Point Rd,,"Beaufort, SC 29907",133,Sams Point Rd,,,Beaufort,SC,Beaufort County,29907,US,Beaufort,gcod_usn35gwlmga5tv56ea9y78cj8zvda
Herms Beer & Wine - Beaufort (CHS),560 Parris Island Gateway,29906,Beaufort,SC,Southern Barrel Brewing Company,Southern Barrel Damn Yankee New England IPA,32.398293,-80.739847,1,rooftop,560 Parris Island Gtwy,,"Beaufort, SC 29906",560,Parris Island Gtwy,,,Beaufort,SC,Beaufort County,29906,US,Beaufort,gcod_usnekmjq9da9revgxhwemjhkjvlxa
CAFB - Shoppette (CHS),1951 Oneal Avenue,29404,Charleston,SC,Southern Barrel Brewing Company,Southern Barrel Damn Yankee New England IPA,32.887456,-80.06742,0.7,street_center,S O'neal Ave,,"Charleston AFB, SC 29404",,S O'neal Ave,,,Charleston AFB,SC,Charleston County,29404,US,TIGER/Line® dataset from the US Census Bureau,gcod_ussmm677qk9t7bqf
Parkers #55 (CHS),7021 North Okatie Highway,29936,Ridgeland,SC,Southern Barrel Brewing Company,Southern Barrel Damn Yankee New England IPA,32.363055,-80.870366,1,rooftop,7021 Okatie Hwy,,"Ridgeland, SC 29936",7021,Okatie Hwy,,,Ridgeland,SC,Jasper County,29936,US,Jasper,gcod_usnnx6x95fx8t7d3qyuju8y6r5pv7
Bert's Supermarket (CHS),202 East Ashley Boulevard,29439,Folly Beach,SC,Southern Barrel Brewing Company,Southern Barrel Damn Yankee New England IPA,32.65662,-79.938498,1,rooftop,202 E Ashley Ave,,"Folly Beach, SC 29439",202,E Ashley Ave,,,Folly Beach,SC,Charleston County,29439,US,Statewide SC,gcod_usnnq87fju8qznx7mgjephslty5af
Publix #0845 (CHS),80 Baylor Drive,29910-8902,Bluffton,SC,Southern Barrel Brewing Company,Southern Barrel Damn Yankee New England IPA,32.277426,-80.876332,1,rooftop,80 Baylor Dr,,"Bluffton, SC 29910",80,Baylor Dr,,,Bluffton,SC,Beaufort County,29910,US,Beaufort,gcod_usnndzqjb7bse83c9t9gjlufybrhh
Freeport General Store (CHS),18 Simmons Road,29926,Hilton Head Island,SC,Southern Barrel Brewing Company,Southern Barrel Wild Bramble Sour,32.185255,-80.756896,1,rooftop,18 Simmons Rd,,"Hilton Head Island, SC 29926",18,Simmons Rd,,,Hilton Head Island,SC,Beaufort County,29926,US,Beaufort,gcod_usnu63ytvgc3lr945thmdyqjnm97f
Harris Teeter #368 (CHS),1269 Nexton Parkway,29486,Summerville,SC,Southern Barrel Brewing Company,Southern Barrel Wild Bramble Sour,33.05892,-80.150878,1,rooftop,1269 Nexton Pkwy,,"Summerville, SC 29486",1269,Nexton Pkwy,,,Summerville,SC,Berkeley County,29486,US,Berkeley,gcod_usn5z2b4glreqhef99ymguhh96nn8
Lowe's Foods #290 (COLA),5436 Platt Springs Road,29072,Lexington,SC,Island Brands,Island Chill Lemon Lime,33.910464,-81.221343,0.99,rooftop,5436 Platt Springs Rd,,"Lexington, SC 29073",5436,Platt Springs Rd,,,Lexington,SC,Lexington County,29073,US,Lexington,gcod_usngfbnuzgh2gyuhtlf4rdx42kxt8
Lowe's Foods #290 (COLA),5436 Platt Springs Road,29072,Lexington,SC,Island Brands,Island Chill Pineapple Coconut,33.910464,-81.221343,0.99,rooftop,5436 Platt Springs Rd,,"Lexington, SC 29073",5436,Platt Springs Rd,,,Lexington,SC,Lexington County,29073,US,Lexington,gcod_usngfbnuzgh2gyuhtlf4rdx42kxt8
Lowe's Foods #290 (COLA),5436 Platt Springs Road,29072,Lexington,SC,Island Brands,Island Chill Strawberry Mango,33.910464,-81.221343,0.99,rooftop,5436 Platt Springs Rd,,"Lexington, SC 29073",5436,Platt Springs Rd,,,Lexington,SC,Lexington County,29073,US,Lexington,gcod_usngfbnuzgh2gyuhtlf4rdx42kxt8
Lowe's Foods #276 (COLA),120 Forum Drive,29229,Columbia,SC,Island Brands,Island Chill Strawberry Mango,34.133529,-80.88142,1,rooftop,120 Forum Dr,,"Columbia, SC 29229",120,Forum Dr,,,Columbia,SC,Richland County,29229,US,Statewide SC,gcod_usnmdw2xze3ck7d6p4ru5rzh94tla
Lowe's Foods #267 (COLA),5222 Sunset Boulevard,29072,Lexington,SC,Island Brands,Island Chill Strawberry Mango,34.006536,-81.203635,1,rooftop,5222 Sunset Blvd,,"Lexington, SC 29072",5222,Sunset Blvd,,,Lexington,SC,Lexington County,29072,US,Lexington,gcod_usnrm96sf2qphpc64ncq7l4wqdch8
Spinx #0271 (COLA),3615 Saint Matthews Road,29118,Orangeburg,SC,Island Brands,Island Chill Strawberry Mango,33.552644,-80.827903,1,rooftop,3615 St Matthews Rd,,"Orangeburg, SC 29118",3615,St Matthews Rd,,,Orangeburg,SC,Orangeburg County,29118,US,Orangeburg,gcod_usn8tazmvtr6rbcbymlzhq95dys2c
Lowe's Foods #268 (COLA),2440 Augusta Highway,29072,Lexington,SC,Island Brands,Island Chill Strawberry Mango,33.981145,-81.306937,1,rooftop,2440 Augusta Hwy,,"Lexington, SC 29072",2440,Augusta Hwy,,,Lexington,SC,Lexington County,29072,US,Lexington,gcod_usn23tanzyj24zwfapk52hghqmgea
AB Beverage - SHL (COLA),1983 Richland Avenue East,29803,Aiken,SC,Island Brands,Island Chill Strawberry Mango,33.549354,-81.688383,0.99,rooftop,1983 Richland Ave E,,"Aiken, SC 29801",1983,Richland Ave E,,,Aiken,SC,Aiken County,29801,US,Aiken,gcod_usnx7ahn4bt7xvpgslyheyqd4flpf
Spinx #134 (GVL),1301 Fairview Rd,29680,Simpsonville,SC,Island Brands,Island Chill Strawberry Mango,34.661505,-82.261661,1,rooftop,1301 Fairview Rd,,"Simpsonville, SC 29680",1301,Fairview Rd,,,Simpsonville,SC,Greenville County,29680,US,Greenville,gcod_usn3km2mnstmem8e92ctpca8puqnh
Spinx #501 (GVL),659 South Main Street,29601,Greenville,SC,Island Brands,Island Chill Strawberry Mango,34.844248,-82.403842,1,rooftop,659 S Main St,,"Greenville, SC 29601",659,S Main St,,,Greenville,SC,Greenville County,29601,US,Greenville,gcod_usn44m3xe4y93tu86yzmkz6nug7x8
Spinx #178 (GVL),2 Tigerville Rd,29690,Travelers Rest,SC,Island Brands,Island Chill Strawberry Mango,34.979862,-82.425549,1,rooftop,2 Tigerville Rd,,"Travelers Rest, SC 29690",2,Tigerville Rd,,,Travelers Rest,SC,Greenville County,29690,US,Greenville,gcod_usn4x97bv3x2benedflpz4evzy8kf
Spinx #297 (GVL),4161 White Horse Rd,29611,Greenville,SC,Island Brands,Island Chill Strawberry Mango,34.831677,-82.447192,1,rooftop,4161 White Horse Rd,,"Greenville, SC 29611",4161,White Horse Rd,,,Greenville,SC,Greenville County,29611,US,Greenville,gcod_usnetdbdd587hmhf75tbjdjb9r2hb
Spinx #115 (GVL),2100 Pelham Rd,29615,Greenville,SC,Island Brands,Island Chill Strawberry Mango,34.861737,-82.282067,1,rooftop,2100 Pelham Rd,,"Greenville, SC 29615",2100,Pelham Rd,,,Greenville,SC,Greenville County,29615,US,Greenville,gcod_usn7bgubckltlau2vh7bxhxp9bet5
Spinx #223 (GVL),4283 Calhoun Memorial Hwy,29640,Easley,SC,Island Brands,Island Chill Strawberry Mango,34.829527,-82.518726,1,range_interpolation,4283 Calhoun Memorial Hwy,,"Easley, SC 29640",4283,Calhoun Memorial Hwy,,,Easley,SC,Pickens County,29640,US,TIGER/Line® from the US Census Bureau,gcod_usnr4lyx6epdbdphn76xeszggce5b
Lowe's Food #263 (GVL),850 East Suber Road,29650,Greer,SC,Island Brands,Island Chill Strawberry Mango,34.901142,-82.254248,1,rooftop,850 E Suber Rd,,"Greer, SC 29650",850,E Suber Rd,,,Greer,SC,Greenville County,29650,US,Greenville,gcod_usnahbbb3z32vln8dts5afasanhg7
Spinx #229 (GVL),3475 Wade Hampton Blvd,29687,Taylors,SC,Island Brands,Island Chill Strawberry Mango,34.923062,-82.308891,1,rooftop,3475 Wade Hampton Blvd,,"Taylors, SC 29687",3475,Wade Hampton Blvd,,,Taylors,SC,Greenville County,29687,US,Greenville,gcod_usnc2q526762xua2vbwjsrn2388h6
Spinx #206 (GVL),402 Haywood Rd,29607,Greenville,SC,Island Brands,Island Chill Strawberry Mango,34.841139,-82.343105,1,range_interpolation,402 Haywood Rd,,"Greenville, SC 29607",402,Haywood Rd,,,Greenville,SC,Greenville County,29607,US,TIGER/Line® from the US Census Bureau,gcod_usn4dwt4lj7hunxbkm922qc3d8ru8
Lowe's Food #275 (GVL),3619 Pelham Road,29615,Greenville,SC,Island Brands,Island Chill Strawberry Mango,34.861656,-82.268584,1,rooftop,3619 Pelham Rd,,"Greenville, SC 29615",3619,Pelham Rd,,,Greenville,SC,Greenville County,29615,US,Greenville,gcod_usn7bgubckltlau25tf33stutrlt2
Spinx #138 (GVL),1519 White Horse Rd,29605,Greenville,SC,Island Brands,Island Chill Strawberry Mango,34.788851,-82.416681,1,rooftop,1519 A White Horse Rd,,"Greenville, SC 29605",1519 A,White Horse Rd,,,Greenville,SC,Greenville County,29605,US,Statewide SC,gcod_usncecm3md2tazh94guksm6ts6c43
Spinx #179 (GVL),2901 N Pleasantburg Dr,29609,Greenville,SC,Island Brands,Island Chill Strawberry Mango,34.886169,-82.391655,1,rooftop,2901 N Pleasantburg Dr,,"Greenville, SC 29609",2901,N Pleasantburg Dr,,,Greenville,SC,Greenville County,29609,US,Greenville,gcod_usnq8l4nblfqbkq3adl3tt77chw9d
Spinx #110 (GVL),3000 Augusta Street,29605,Greenville,SC,Island Brands,Island Chill Strawberry Mango,34.811216,-82.382819,1,rooftop,3000 Augusta St,,"Greenville, SC 29605",3000,Augusta St,,,Greenville,SC,Greenville County,29605,US,Greenville,gcod_usnwmsv3lt7bxnchkdur99fyldgl6
Spinx #119 (GVL),102 Bypass 25 NE,29646,Greenwood,SC,Island Brands,Island Chill Strawberry Mango,34.196557,-82.134749,1,rooftop,102 Bypass 25 NE,,"Greenwood, SC 29646",102,Bypass 25 NE,,,Greenwood,SC,Greenwood County,29646,US,Statewide SC,gcod_usnlrwlkvkb3mwc5rmgqbacd23984
Spinx #152 (GVL),180 S Highway 11,29696,West Union,SC,Island Brands,Island Chill Strawberry Mango,34.757424,-83.045873,1,rooftop,180 S Hwy 11,,"West Union, SC 29696",180,S Hwy 11,,,West Union,SC,Oconee County,29696,US,Oconee,gcod_usnwdgarcesdvr2cggpw3psvfzxp2
Spinx #135 (GVL),2100 Highway 86,29673,Piedmont,SC,Island Brands,Island Chill Strawberry Mango,34.710455,-82.502525,1,rooftop,2100 Highway 86,,"Piedmont, SC 29673",2100,Highway 86,,,Piedmont,SC,Anderson County,29673,US,Statewide SC,gcod_usn3t3k6cq9bbj7cwdw28ywwew34e
Spinx #100 (GVL),619 Rutherford Street,29609,Greenville,SC,Island Brands,Island Chill Strawberry Mango,34.867244,-82.40517,1,rooftop,619 Rutherford St,,"Greenville, SC 29609",619,Rutherford St,,,Greenville,SC,Greenville County,29609,US,Greenville,gcod_usnhxyjjhkg2vzk3w8sqb7eawm5z2
Spinx #205 (GVL),461 S Pleasantburg Dr,29607,Greenville,SC,Island Brands,Island Chill Strawberry Mango,34.830909,-82.369095,1,rooftop,461 S Pleasantburg Dr,,"Greenville, SC 29607",461,S Pleasantburg Dr,,,Greenville,SC,Greenville County,29607,US,Greenville,gcod_usnqjwtk9nuy2atb3zqthcjcz6fda
Spinx #248 (GVL),1207 Highway 28 Byp,29624,Anderson,SC,Island Brands,Island Chill Strawberry Mango,34.501381,-82.6844,1,rooftop,1207 Highway 28th Byp,,"Anderson, SC 29624",1207,Highway 28th Byp,,,Anderson,SC,Anderson County,29624,US,Statewide SC,gcod_usnzqcpuq52jjha79fphz8kbyhml6
Publix #1383 (COLA),847 US Highway 378,29072,Lexington,SC,Island Brands,Island Coastal Lager,33.991222,-81.306326,1,rooftop,847 Highway 378,,"Lexington, SC 29072",847,Highway 378,,,Lexington,SC,Lexington County,29072,US,Lexington,gcod_usnd7ew3p7vjwl7an38y5ybp84258
Publix #0512 (COLA),100 Old Cherokee Road,29072,Lexington,SC,Island Brands,Island Coastal Lager,33.999551,-81.220192,1,rooftop,100 Old Cherokee Rd,,"Lexington, SC 29072",100,Old Cherokee Rd,,,Lexington,SC,Lexington County,29072,US,Lexington,gcod_usn4mwlrujrn6a8axtqpvlsjc2tbb
Spinx #265 (COLA),8001 Broad River Road,29063,Irmo,SC,Island Brands,Island Coastal Lager,34.10715,-81.190171,1,rooftop,8001 Broad River Rd,,"Irmo, SC 29063",8001,Broad River Rd,,,Irmo,SC,Richland County,29063,US,Lexington,gcod_usnb5hgkbyearjsfppfsve3bmkzz3
Spinx #281 (COLA),10450 Two Notch Road,29045,Elgin,SC,Island Brands,Island Coastal Lager,34.127758,-80.862983,1,rooftop,10450 2 Notch Rd,,"Elgin, SC 29045",10450,2 Notch Rd,,,Elgin,SC,Richland County,29045,US,Statewide SC,gcod_usnp488b73yjn6ffbnrjxlmbqbzlf
Publix #0883 (COLA),2732 North Lake Drive,29212,Columbia,SC,Island Brands,Island Coastal Lager,34.097939,-81.221162,1,rooftop,2732 N Lake Dr,,"Columbia, SC 29212",2732,N Lake Dr,,,Columbia,SC,Lexington County,29212,US,Lexington,gcod_usnmjrs337zmzhm49n77lyvxgn4b6
Spinx #267 (COLA),101 Lee Road,29229,Columbia,SC,Island Brands,Island Coastal Lager,34.151203,-80.912514,1,rooftop,101 Lee Rd,,"Columbia, SC 29229",101,Lee Rd,,,Columbia,SC,Richland County,29229,US,Statewide SC,gcod_usnvbzvrlutua2ddlt5cspfv82jbe
Total Wine & More #701 (COLA),275 Harbison Boulevard,29212,Columbia,SC,Island Brands,Island Coastal Lager,34.073242,-81.160198,1,rooftop,275 Harbison Blvd,,"Columbia, SC 29212",275,Harbison Blvd,,,Columbia,SC,Lexington County,29212,US,Lexington,gcod_usn4p5ffmh5cge3g7nqs8gyc2hpcd
Publix #1637 (COLA),5441 Platt Springs Road,29073,Lexington,SC,Island Brands,Island Coastal Lager,33.906686,-81.220717,1,rooftop,5441 Platt Springs Rd,,"Lexington, SC 29073",5441,Platt Springs Rd,,,Lexington,SC,Lexington County,29073,US,Lexington,gcod_usngfbnuzgh2gyuh6lfdw5akkfqj9
Publix #1511 (COLA),1235 Chapin Road,29036,Chapin,SC,Island Brands,Island Coastal Lager,34.164507,-81.351652,1,rooftop,1235 Chapin Rd,,"Chapin, SC 29036",1235,Chapin Rd,,,Chapin,SC,Lexington County,29036,US,Lexington,gcod_usn2cb2k2nb9kcxbbhsfayxc8mzea
Publix #2001 (COLA),185 Earth Road,29229,Columbia,SC,Island Brands,Island Coastal Lager,34.113571,-80.84452,0.99,rooftop,185 Earth Rd,,"Elgin, SC 29045",185,Earth Rd,,,Elgin,SC,Richland County,29045,US,Statewide SC,gcod_usn9d335vv5plu62snse3rqrbgf94
Publix #1095 (COLA),501 Gervais Street,29201,Columbia,SC,Island Brands,Island Coastal Lager,33.998404,-81.044241,1,rooftop,501 Gervais St,,"Columbia, SC 29201",501,Gervais St,,,Columbia,SC,Richland County,29201,US,Statewide SC,gcod_usnb6qte9uqs2sf67g4k8lpekjxra
Walmart #0881 (COLA),5556 Sunset Boulevard,29072,Lexington,SC,Island Brands,Island Coastal Lager,33.997538,-81.225068,1,rooftop,5556 Sunset Blvd,,"Lexington, SC 29072",5556,Sunset Blvd,,,Lexington,SC,Lexington County,29072,US,Lexington,gcod_usnrm96sf2qphpc6qhuw98xslfcha
Walmart #0634 (COLA),2240 West Dekalb Street,29020,Camden,SC,Island Brands,Island Coastal Lager,34.250879,-80.649892,1,rooftop,2240 W Dekalb St,,"Camden, SC 29020",2240,W Dekalb St,,,Camden,SC,Kershaw County,29020,US,Kershaw,gcod_usntu9l6a2fb5724dcjsf8t9ryxt9
Walmart #4440 (COLA),1180 Dutch Fork Road,29063,Irmo,SC,Island Brands,Island Coastal Lager,34.127027,-81.223208,1,rooftop,1180 Dutch Fork Rd,,"Irmo, SC 29063",1180,Dutch Fork Rd,,,Irmo,SC,Richland County,29063,US,Lexington,gcod_usnubkwjadbgdf6gks59j527r7g5a
Spinx #229 (GVL),3475 Wade Hampton Blvd,29687,Taylors,SC,Island Brands,Island Coastal Lager,34.923062,-82.308891,1,rooftop,3475 Wade Hampton Blvd,,"Taylors, SC 29687",3475,Wade Hampton Blvd,,,Taylors,SC,Greenville County,29687,US,Greenville,gcod_usnc2q526762xua2vbwjsrn2388h6
Spinx #190 (GVL),2601 Locust Hill Rd,29687,Taylors,SC,Island Brands,Island Coastal Lager,34.959647,-82.307092,1,rooftop,2601 Locust Hill Rd,,"Taylors, SC 29687",2601,Locust Hill Rd,,,Taylors,SC,Greenville County,29687,US,Greenville,gcod_usn6wrtyfdpajcc5n9yvmsvgu3zje
Spinx #159 (GVL),1102 E Main St,29693,Westminster,SC,Island Brands,Island Coastal Lager,34.657802,-83.087039,1,rooftop,1102 E Main St,,"Westminster, SC 29693",1102,E Main St,,,Westminster,SC,Oconee County,29693,US,Oconee,gcod_usn7rkp4cdpyabsa674ymldf7rlmh
Spinx #112 (GVL),1103 Pendleton Street,29601,Greenville,SC,Island Brands,Island Coastal Lager,34.844298,-82.421019,1,rooftop,1103 Pendleton St,,"Greenville, SC 29601",1103,Pendleton St,,,Greenville,SC,Greenville County,29601,US,Greenville,gcod_usnwezdygr5sl5v4wnckp5cjk95hb
Walmart #1123 (GVL),1636 Sandifer Blvd,29678,Seneca,SC,Island Brands,Island Coastal Lager,34.689811,-82.999042,1,rooftop,1636 Sandifer Blvd,,"Seneca, SC 29678",1636,Sandifer Blvd,,,Seneca,SC,Oconee County,29678,US,Oconee County,gcod_usnmgqqh3st3utcfjkgdn2wahm3p7
Spinx #248 (GVL),1207 Highway 28 Byp,29624,Anderson,SC,Island Brands,Island Coastal Lager,34.501381,-82.6844,1,rooftop,1207 Highway 28th Byp,,"Anderson, SC 29624",1207,Highway 28th Byp,,,Anderson,SC,Anderson County,29624,US,Statewide SC,gcod_usnzqcpuq52jjha79fphz8kbyhml6
Publix #1608 (GVL),704 Fairview Rd,29680,Simpsonville,SC,Island Brands,Island Coastal Lager,34.702669,-82.259811,1,rooftop,704 Fairview Rd,,"Simpsonville, SC 29680",704,Fairview Rd,,,Simpsonville,SC,Greenville County,29680,US,Greenville,gcod_usn3km2mnstmem8e33af6c89zyjl6
Spinx #179 (GVL),2901 N Pleasantburg Dr,29609,Greenville,SC,Island Brands,Island Coastal Lager,34.886169,-82.391655,1,rooftop,2901 N Pleasantburg Dr,,"Greenville, SC 29609",2901,N Pleasantburg Dr,,,Greenville,SC,Greenville County,29609,US,Greenville,gcod_usnq8l4nblfqbkq3adl3tt77chw9d
Spinx #126 (GVL),2403 Hudson Rd,29650,Greer,SC,Island Brands,Island Coastal Lager,34.892857,-82.290634,1,rooftop,2403 Hudson Rd,,"Greer, SC 29650",2403,Hudson Rd,,,Greer,SC,Greenville County,29650,US,Greenville,gcod_usnnhxrr8z4bvsg6bnfxblfctegzc
Spinx #199 (GVL),7252 Moorefield Memorial Hwy,29657,Liberty,SC,Island Brands,Island Coastal Lager,34.778118,-82.674416,1,range_interpolation,7252 Moorefield Memorial Hwy,,"Liberty, SC 29657",7252,Moorefield Memorial Hwy,,,Liberty,SC,Pickens County,29657,US,TIGER/Line® from the US Census Bureau,gcod_usnrdreegad52wbfbsgcaqftcycx3
Spinx #100 (GVL),619 Rutherford Street,29609,Greenville,SC,Island Brands,Island Coastal Lager,34.867244,-82.40517,1,rooftop,619 Rutherford St,,"Greenville, SC 29609",619,Rutherford St,,,Greenville,SC,Greenville County,29609,US,Greenville,gcod_usnhxyjjhkg2vzk3w8sqb7eawm5z2
Spinx #128 (GVL),498 The Pkwy,29650,Greer,SC,Island Brands,Island Coastal Lager,34.871493,-82.254104,1,rooftop,498 The Pkwy,,"Greer, SC 29650",498,The Pkwy,,,Greer,SC,Greenville County,29650,US,Greenville,gcod_usn8ratsbxjy88g97mgk2wb86vted
19 Wine & Spirits (GVL),101 Verdae Boulevard,29607,Greenville,SC,Island Brands,Island Coastal Lager,34.82158,-82.341595,1,rooftop,101 Verdae Blvd,,"Greenville, SC 29607",101,Verdae Blvd,,,Greenville,SC,Greenville County,29607,US,Greenville,gcod_usnsayucjgtnte8hbwembsp8dcxff
Spinx #209 (GVL),901 Marue Dr,29605,Greenville,SC,Island Brands,Island Coastal Lager,34.82153,-82.41716,1,rooftop,901 Marue Dr,,"Greenville, SC 29605",901,Marue Dr,,,Greenville,SC,Greenville County,29605,US,Greenville,gcod_usnptylz2dum7hhfudln4pn9n5tr2
Spinx #223 (GVL),4283 Calhoun Memorial Hwy,29640,Easley,SC,Island Brands,Island Coastal Lager,34.829527,-82.518726,1,range_interpolation,4283 Calhoun Memorial Hwy,,"Easley, SC 29640",4283,Calhoun Memorial Hwy,,,Easley,SC,Pickens County,29640,US,TIGER/Line® from the US Census Bureau,gcod_usnr4lyx6epdbdphn76xeszggce5b
Publix #0531 (GVL),411 The Pkwy,29650,Greer,SC,Island Brands,Island Coastal Lager,34.87139,-82.256104,1,rooftop,411 The Pkwy,,"Greer, SC 29650",411,The Pkwy,,,Greer,SC,Greenville County,29650,US,Greenville,gcod_usn8ratsbxjy88g9lj5kx788kepzc
Spinx #108 (GVL),1233 West Wade Hampton Boulevard,29650,Greer,SC,Island Brands,Island Coastal Lager,34.941711,-82.257882,1,rooftop,1233 W Wade Hampton Blvd,,"Greer, SC 29650",1233,W Wade Hampton Blvd,,,Greer,SC,Greenville County,29650,US,Greenville,gcod_usnwaykas5l2p8xdf2a3eh96qs2wf
Spinx #138 (GVL),1519 White Horse Rd,29605,Greenville,SC,Island Brands,Island Coastal Lager,34.788851,-82.416681,1,rooftop,1519 A White Horse Rd,,"Greenville, SC 29605",1519 A,White Horse Rd,,,Greenville,SC,Greenville County,29605,US,Statewide SC,gcod_usncecm3md2tazh94guksm6ts6c43
Spinx #152 (GVL),180 S Highway 11,29696,West Union,SC,Island Brands,Island Coastal Lager,34.757424,-83.045873,1,rooftop,180 S Hwy 11,,"West Union, SC 29696",180,S Hwy 11,,,West Union,SC,Oconee County,29696,US,Oconee,gcod_usnwdgarcesdvr2cggpw3psvfzxp2
Spinx #208 (GVL),1304 Fork Shoals Rd,29605,Greenville,SC,Island Brands,Island Coastal Lager,34.745037,-82.356011,1,rooftop,1304 Fork Shoals Rd,,"Greenville, SC 29605",1304,Fork Shoals Rd,,,Greenville,SC,Greenville County,29605,US,Greenville,gcod_usnsmctzqmvbqfxfnudqdlfcnpl35
Spinx #263 (GVL),3601 Highway 153,29611,Greenville,SC,Island Brands,Island Coastal Lager,34.789367,-82.487882,1,rooftop,3601 Highway 153,,"Greenville, SC 29611",3601,Highway 153,,,Greenville,SC,Anderson County,29611,US,Statewide SC,gcod_usntkkf69tu3gvl8zuqu52vz7zfch
Publix #1464 (GVL),479 Bypass 72 NW,29649,Greenwood,SC,Island Brands,Island Coastal Lager,34.206226,-82.18609,1,rooftop,479 Bypass 72 NW,,"Greenwood, SC 29649",479,Bypass 72 NW,,,Greenwood,SC,Greenwood County,29649,US,Statewide SC,gcod_usnnmqughm6qb5dbaw6k2kbve57xg
Spinx #225 (GVL),220 East Greer Street,29654,Honea Path,SC,Island Brands,Island Coastal Lager,34.445553,-82.390589,1,rooftop,220 E Greer St,,"Honea Path, SC 29654",220,E Greer St,,,Honea Path,SC,Anderson County,29654,US,Statewide SC,gcod_usn8emvpjltng8d2xb8rzwn6vecqe
Spinx #131 (GVL),1625 NE Main St,29681,Simpsonville,SC,Island Brands,Island Coastal Lager,34.76584,-82.282373,1,rooftop,1625 NE Main St,,"Simpsonville, SC 29681",1625,NE Main St,,,Simpsonville,SC,Greenville County,29681,US,Greenville,gcod_usnx9h2qa9wq6sp2kherzsggdjlbc
Spinx #117 (GVL),1943 Montague Ave,29649,Greenwood,SC,Island Brands,Island Coastal Lager,34.225615,-82.196251,1,rooftop,1943 Montague Avenue Ext,,"Greenwood, SC 29649",1943,Montague Avenue Ext,,,Greenwood,SC,Greenwood County,29649,US,Statewide SC,gcod_usns2r542yuz98mgpu3zqnjp68537
Publix #0205 (GVL),6525 Calhoun Memorial Hwy,29640,Easley,SC,Island Brands,Island Coastal Lager,34.820052,-82.584794,0.87,rooftop,6525 Calhoun Mem Hwy,,"Easley, SC 29642",6525,Calhoun Mem Hwy,,,Easley,SC,Pickens County,29642,US,Pickens,gcod_usnmztzra78ljhq7br7tjmz6aj9kb
Spinx #119 (GVL),102 Bypass 25 NE,29646,Greenwood,SC,Island Brands,Island Coastal Lager,34.196557,-82.134749,1,rooftop,102 Bypass 25 NE,,"Greenwood, SC 29646",102,Bypass 25 NE,,,Greenwood,SC,Greenwood County,29646,US,Statewide SC,gcod_usnlrwlkvkb3mwc5rmgqbacd23984
Spinx #165 (GVL),5598 N Highway 14,29356,Landrum,SC,Island Brands,Island Coastal Lager,35.114223,-82.22462,1,rooftop,5598 N Hwy 14,,"Landrum, SC 29356",5598,N Hwy 14,,,Landrum,SC,Greenville County,29356,US,Greenville,gcod_usnjgpqpxdrzg552dk78k8ph9nxw9
Spinx #134 (GVL),1301 Fairview Rd,29680,Simpsonville,SC,Island Brands,Island Coastal Lager,34.661505,-82.261661,1,rooftop,1301 Fairview Rd,,"Simpsonville, SC 29680",1301,Fairview Rd,,,Simpsonville,SC,Greenville County,29680,US,Greenville,gcod_usn3km2mnstmem8e92ctpca8puqnh
Spinx #297 (GVL),4161 White Horse Rd,29611,Greenville,SC,Island Brands,Island Coastal Lager,34.831677,-82.447192,1,rooftop,4161 White Horse Rd,,"Greenville, SC 29611",4161,White Horse Rd,,,Greenville,SC,Greenville County,29611,US,Greenville,gcod_usnetdbdd587hmhf75tbjdjb9r2hb