"Visit Date",Team,"Dist. Rep.","Business Name","Visit Notes",Orders,"Image 1","Image 2","Image 3","Image 4"
"05/01/26 15:22:40ET",Hamilton,May,"Harris Teeter #28 (CHS)","I don’t see any RB. Good stock of ICL 4/6. Need more Active",1,https://bogmayer.bevtrack.net/assets/bogmayer/img/meetingImg/69f4a91eeee1f.jpg,https://bogmayer.bevtrack.net/assets/bogmayer/img/meetingImg/69f4a91fa7d8a.jpg,,
"05/01/26 15:29:20ET",Hamilton,May,"Harris Teeter #28 (CHS)","Pic from 5/1",0,https://bogmayer.bevtrack.net/assets/bogmayer/img/meetingImg/69f4aaaf61c2d.jpg,,,
"05/01/26 15:06:50ET",Hamilton,Moore,"Harris Teeter #455 (CHS)","OOS ICL 4/6. Only have RB 16oz cans. dispersed through 3 sections",1,https://bogmayer.bevtrack.net/assets/bogmayer/img/meetingImg/69f4a567be38a.jpg,https://bogmayer.bevtrack.net/assets/bogmayer/img/meetingImg/69f4a56861489.jpg,https://bogmayer.bevtrack.net/assets/bogmayer/img/meetingImg/69f4a568ec87c.jpg,https://bogmayer.bevtrack.net/assets/bogmayer/img/meetingImg/69f4a56990722.jpg
"05/01/26 15:45:49ET",Hamilton,May,"Harris Teeter #456 (CHS)","OOS ICL 4/6. Good stock of SB Damn Yankee",1,https://bogmayer.bevtrack.net/assets/bogmayer/img/meetingImg/69f4ae8ba3747.jpg,https://bogmayer.bevtrack.net/assets/bogmayer/img/meetingImg/69f4ae8c50338.jpg,,
"04/30/26 21:38:57ET",Mayer,,"BOHO PIZZA & BREW","Spoke with James, really cool pizza bar.  Spoke with James about a coaster program/bucket program with ia.  Spoke about JJ, DN, DY as well.",0,,,,
"04/30/26 17:40:16ET",Mayer,,"CATCH 22","Spoke with Taryn, Nicole is the buyer.  Only sells sixtles.  Left samples of JJ DN and IA",0,,,,
"04/30/26 17:42:16ET",Mayer,,"CATCH 22","SentTaryn pricing info",0,https://bogmayer.bevtrack.net/assets/bogmayer/img/meetingImg/69f3785743bbb.jpg,,,
"04/30/26 18:07:11ET",Mayer,,"CHOPHOUSE OF CHAPIN","At 11:45 no one was in going to try and come back later",0,,,,
"04/30/26 19:46:30ET",Mayer,,"Do'Little (COLA)","Spoke with Wes no tap system once cans of juice, juice, and island active",0,,,,
"04/30/26 20:19:13ET",Mayer,COLA,"Fiddler Blues On The Lake (COLA)","Closed no one here to talk to you",0,,,,
"04/30/26 17:41:12ET",Kelley,Rosario,"Food Lion #2691 (CHS)","Stopped in and spoke to my friend Eric who is the store manager. He has agreed to bring in two cases of ICL 6pks for the local goodness section.",0,,,,
"04/30/26 21:18:13ET",Kelley,Rosario,"Food Lion #2691 (CHS)","They are not going to be bringing in Yankee or ICL. It was explained to me that the type of clientele that comes in there would not be buying this type of beer..",0,,,,
"04/30/26 20:22:33ET",Kelley,Rosario,"Food Lion #2864 (CHS)","Spoke with manager Marion. She agreed to bring in Yankee and ICL for their local goodness section.",0,,,,
"04/30/26 16:05:31ET",Hamilton,McDowell,"Harris Teeter #355 (CHS)","Need more ICL 4/6. We have stock, but it looks like it’s moving quickly",1,https://bogmayer.bevtrack.net/assets/bogmayer/img/meetingImg/69f361a9bd5e3.jpg,https://bogmayer.bevtrack.net/assets/bogmayer/img/meetingImg/69f361aa7bbd8.jpg,,
"04/30/26 18:48:10ET",Hamilton,Moore,"Harris Teeter #406 (CHS)","OOS ICL 4/6. Fine stock of actives. Still have 16oz Rb cans, but running low",2,https://bogmayer.bevtrack.net/assets/bogmayer/img/meetingImg/69f387c6f03fb.jpg,https://bogmayer.bevtrack.net/assets/bogmayer/img/meetingImg/69f387c8110ee.jpg,https://bogmayer.bevtrack.net/assets/bogmayer/img/meetingImg/69f387c91d763.jpg,
"04/30/26 19:12:36ET",Hamilton,Scruggs,"Harris Teeter #410 (CHS)","Great stock of IcL, could use more though. I don’t see any Active",2,https://bogmayer.bevtrack.net/assets/bogmayer/img/meetingImg/69f38d82c0ea3.jpg,https://bogmayer.bevtrack.net/assets/bogmayer/img/meetingImg/69f38d837712a.jpg,https://bogmayer.bevtrack.net/assets/bogmayer/img/meetingImg/69f38d841ac43.jpg,
"04/30/26 19:16:10ET",Mayer,COLA,"Lazy Creek Taphouse (COLA)","Spoke with Mallory, still waiting on IA 1/6s.  Going to tap Juice Juice.",0,,,,
"04/30/26 21:04:51ET",Mayer,Moyer,"Lowe's Foods #268 (COLA)","Scheduled tap takover for 6/18",0,,,,
"04/30/26 18:36:32ET",Mayer,,"LOWES FOODS #277","Spoke with Troy scheduled a tap takeover for June 18.  Wants the kolsch as well

JJ
DN
IA",3,,,,
"04/30/26 17:47:08ET",Hamilton,Theos,"Publix #1775 (CHS)","3 packs of ICL 2/12. 3 packs of sb damn yankee",0,https://bogmayer.bevtrack.net/assets/bogmayer/img/meetingImg/69f3797a74aa9.jpg,https://bogmayer.bevtrack.net/assets/bogmayer/img/meetingImg/69f3797b88807.jpg,,
"04/30/26 17:36:47ET",Hamilton,Wagoner,"Spinx #0317 (CHS)","Good stock of ICL 2/12. Need more of both Chill SKU’s. Put wobblers up",2,https://bogmayer.bevtrack.net/assets/bogmayer/img/meetingImg/69f3770da4ad3.jpg,https://bogmayer.bevtrack.net/assets/bogmayer/img/meetingImg/69f3770e428c1.jpg,https://bogmayer.bevtrack.net/assets/bogmayer/img/meetingImg/69f3770edb134.jpg,
"04/30/26 15:36:09ET",Hamilton,Daley,"Spinx #0354 (CHS)","Good stock of ICL 2/12 and Chill Strawberry mango (packs and singles). Added wobblers in beer cave",0,https://bogmayer.bevtrack.net/assets/bogmayer/img/meetingImg/69f35ac7a57f7.jpg,https://bogmayer.bevtrack.net/assets/bogmayer/img/meetingImg/69f35ac853ca3.jpg,https://bogmayer.bevtrack.net/assets/bogmayer/img/meetingImg/69f35ac8ecd5a.jpg,
"04/30/26 17:38:39ET",Hamilton,Wagoner,"Spinx #0358 (CHS)","OOS IcL 2/12. Need more  Chill (both SKU’s. Put wobblers up.",3,https://bogmayer.bevtrack.net/assets/bogmayer/img/meetingImg/69f3777de3f5f.jpg,https://bogmayer.bevtrack.net/assets/bogmayer/img/meetingImg/69f3777e95801.jpg,https://bogmayer.bevtrack.net/assets/bogmayer/img/meetingImg/69f3777f49a6e.jpg,
"04/30/26 16:26:57ET",Hamilton,Lance,"Spinx #0359 (CHS)","OOS 2/12. Low on Chill Strawberry mango. Put wobblers up",2,https://bogmayer.bevtrack.net/assets/bogmayer/img/meetingImg/69f366af63686.jpg,https://bogmayer.bevtrack.net/assets/bogmayer/img/meetingImg/69f366b01c67d.jpg,https://bogmayer.bevtrack.net/assets/bogmayer/img/meetingImg/69f366b0c2e2f.jpg,
"04/30/26 16:43:48ET",Hamilton,Lance,"Spinx #0378 (CHS)","Need more  Chill Strawberry Mango. Good on ICL 2/12. Added wobblers",1,https://bogmayer.bevtrack.net/assets/bogmayer/img/meetingImg/69f36aa2397d4.jpg,https://bogmayer.bevtrack.net/assets/bogmayer/img/meetingImg/69f36aa2d1148.jpg,https://bogmayer.bevtrack.net/assets/bogmayer/img/meetingImg/69f36aa372ce7.jpg,
"04/30/26 18:08:14ET",Mayer,COLA,"Tipsy Toad Tavern (COLA)","No one is in.  Try the afternoon",0,,,,
"04/30/26 15:44:57ET",Hamilton,Savage,"Walmart Market #3713 (CHS)","Good stock of ICL 4/6 and Active. I don’t see IcL 2/12, but they are still restocking the shelves after renovations and only half of the beverages are up",0,https://bogmayer.bevtrack.net/assets/bogmayer/img/meetingImg/69f35cd850eb2.jpg,,,
"04/29/26 20:03:42ET",Kelley,,"Craft Kitchen - Bluffton (CHS)","Just spoke with Vincent here. He says they’re always looking for new product. He says they have tried all the Southern Barrels and most of Rusty Bulls beer. He is aware that we do not distribute small batches very often at all. I sent him an inventory list for him to look through anyway. ",0,,,,
"04/29/26 19:21:16ET",Mayer,Jackson,"Hometeam BBQ - Sullivans (CHS)","Kolsch selling well, need to bring them some coasters",0,,,,
"04/29/26 19:19:55ET",Mayer,Berardelli,"Mex 1-Sullivans (CHS)","Spoke with Bartender Chauncie was not in. Sent him a message",0,,,,
"04/29/26 20:11:53ET",Kelley,Rohal,"Peaceful Henry's (CHS)","Stopped in and let Bill know about some different beers he has not had on before. Kolsch, Railyard, & Orangutang is what I mentioned to him. He says he has too many kegs at the moment but will keep them in mind.",0,,,,
"04/29/26 19:20:29ET",Mayer,Jackson,"Poe's Tavern (CHS)","Spoke with Cara, doesn’t need to pick anything up right now",0,,,,
"04/29/26 18:22:03ET",Kelley,Rohal,"Ralphies Pizza (CHS)","Stopped in and spoke with Marley. Apparently, the second order of ICLs keg was bad as well. They do not want to carry ICL anymore. I smoothed things over with them. They’re going to put Yankee on draft in place of ICL. I left my contact to give to Adam the new owner…",0,https://bogmayer.bevtrack.net/assets/bogmayer/img/meetingImg/69f2302a590fd.jpg,,,
"04/29/26 17:23:32ET",Mayer,Coburn,"Top Dawg Tavern - Sville (CHS)","Spoke with regional manager. Dropped off damn Yankee handle and table tents. Four products on tap.",0,,,,
"04/29/26 17:37:16ET",Mayer,Menard,"Top Golf (CHS)","Shane wants to partner and do some trade opportunities between both organizations. Looks like they’re bringing in a juice juice",0,,,,
"04/28/26 19:40:55ET",Kelley,,"Bear Creek Golf (CHS)","Just met David for the first time who is the clubhouse manager. They are getting new owners on the first of next month so he does not want to order quite yet. I did leave him with samples of all our heavy hitters from all three brands that are on the sales sheet  along with beach bully. He did try the ICL and active which he really liked especially the ICL. He does want to order ICL but wants to wait. He gave me his contact and I will reach out to him early next week for a beer order hopefully",0,,,,
"04/28/26 16:23:24ET",Mayer,Livingston,"Beer Man (CHS)","Spoke to Beer Man has some aging product he would like replaced.",0,,,,
"04/28/26 20:14:22ET",Kelley,Holyoak,"Benny's Coastal Kitchen (CHS)","Matt was super busy. He’s meeting with Emily next Monday for an order. He’s supposed to be doing a new menu soon, so hopefully ICL will make the cut. I I’m going to reach out to Emily to try to get her to push ICL on them and follow up with her again on Monday to find out how it went.",0,,,,
"04/28/26 21:55:41ET",Kelley,Rohal,"Calhoun's (CHS)","Letty reached out and let me know if she is ordering a 1/2 BBL of DN!",0,,,,
"04/28/26 18:19:13ET",Kelley,Holyoak,"Crazy Crab-N.End (CHS)","Spoke with Liz they’re not looking to add anything new right now. Yankee is off draft and replaced with a Hilton Head brewing IPA….",0,https://bogmayer.bevtrack.net/assets/bogmayer/img/meetingImg/69f0de00a03ff.jpg,,,
"04/28/26 16:45:48ET",Mayer,Wannamaker,"Dashi (CHS)","Oscar is going to pick up his sixtle of orangutan.  Isn’t interested in picking anything else up.",1,,,,
"04/28/26 19:45:36ET",Kelley,Rohal,"El Nuevo Grill-Bluffton (CHS)","Ebin is doing a beer order tomorrow. I will be meeting with him tomorrow as well and sampling him other beers. He’s definitely going to go with ICL for draft and possibly active in cans. Hopefully some others as well…",0,,,,
"04/28/26 17:17:08ET",Hamilton,Dreher,"Harris Teeter #131 (CHS)","OOS ICL 4/6 in local section and fridge. Good on everything else. ",1,https://bogmayer.bevtrack.net/assets/bogmayer/img/meetingImg/69f0cf71aada6.jpg,https://bogmayer.bevtrack.net/assets/bogmayer/img/meetingImg/69f0cf7259e56.jpg,https://bogmayer.bevtrack.net/assets/bogmayer/img/meetingImg/69f0cf730b7f9.jpg,https://bogmayer.bevtrack.net/assets/bogmayer/img/meetingImg/69f0cf73b5a38.jpg
"04/28/26 18:26:41ET",Gallo,Scruggs,"Harris Teeter #277 (CHS)","OOS on 4/6 in 3 spots, no Active and no 2/12",2,https://bogmayer.bevtrack.net/assets/bogmayer/img/meetingImg/69f0dfc035d82.jpg,,,
"04/28/26 17:16:56ET",Mayer,Menard,"Longhorn #5202 (CHS)","Spoke to Eli still carrying livin’ easy and Dance Naked and is going to hook me up with the Bluffton location next week",0,,,,
"04/28/26 17:07:22ET",Hamilton,Dreher,"Lowe's Foods #265 (CHS)","OOS Juice Juice. 12 oz. Good stock of IcL 2/12. Running low on ICL 4/6. Good stock of Chill",2,https://bogmayer.bevtrack.net/assets/bogmayer/img/meetingImg/69f0cd27d2bae.jpg,https://bogmayer.bevtrack.net/assets/bogmayer/img/meetingImg/69f0cd28e953a.jpg,https://bogmayer.bevtrack.net/assets/bogmayer/img/meetingImg/69f0cd2995a25.jpg,
"04/28/26 20:20:27ET",Gallo,Greegor,"Lowe's Foods #293 (CHS)","Great stock of DY and JJ new cans and CHILL- OOS ICL 4/6 ",0,https://bogmayer.bevtrack.net/assets/bogmayer/img/meetingImg/69f0fa67c8da5.jpg,https://bogmayer.bevtrack.net/assets/bogmayer/img/meetingImg/69f0fa694e377.jpg,,
"04/28/26 16:31:50ET",Mayer,Menard,"MOMO Kitchen & Market (CHS)","Spoke with Mike, swapped JJ keg and should be gtg",0,,,,
"04/28/26 18:59:59ET",Kelley,,"North End Tavern (CHS)","Dropped off Beach Bully stickers for their tap handle. Also left ICL, Active, JJ, DN, ICL, Active & Bramble. They seem interested in ICL. I’m leaving my card so if they decide they want to go with it, they can give me a call..",0,https://bogmayer.bevtrack.net/assets/bogmayer/img/meetingImg/69f0e78ea3a76.jpg,,,
"04/28/26 19:06:21ET",Gallo,Moore,"Publix #0633 (CHS)","OOS ICL 2/12",0,,,,
"04/28/26 14:43:04ET",Hamilton,Dreher,"Publix #1081 (CHS)","OOS ICL 2/12",1,https://bogmayer.bevtrack.net/assets/bogmayer/img/meetingImg/69f0ab574c52d.jpg,,,
"04/28/26 20:43:22ET",Gallo,Greegor,"Publix #1145 (CHS)","Need order of  ICL 2/12",1,,,,
"04/28/26 18:58:34ET",Gallo,Scruggs,"Publix #1599 (CHS)","OOS - 2/12 ICL",1,https://bogmayer.bevtrack.net/assets/bogmayer/img/meetingImg/69f0e73974e12.jpg,,,
"04/28/26 16:32:28ET",Hamilton,Dreher,"Publix #1646 (CHS)","Good stock of ICL 2/12 and Sb damn yankee",0,https://bogmayer.bevtrack.net/assets/bogmayer/img/meetingImg/69f0c4fa82dd8.jpg,https://bogmayer.bevtrack.net/assets/bogmayer/img/meetingImg/69f0c4fb65d7b.jpg,,
"04/28/26 19:28:06ET",Gallo,Williams,"Refuel #1060 (CHS)","New DY 19.2 on shelf and Active ",0,https://bogmayer.bevtrack.net/assets/bogmayer/img/meetingImg/69f0ee24d27e5.jpg,https://bogmayer.bevtrack.net/assets/bogmayer/img/meetingImg/69f0ee257dec1.jpg,,
"04/28/26 16:47:16ET",Hamilton,Rutledge,"Refuel #55 (CHS)","First time seeing active here in the past month. 3 packs",0,https://bogmayer.bevtrack.net/assets/bogmayer/img/meetingImg/69f0c873bf3f3.jpg,,,
"04/28/26 21:02:47ET",Gallo,Kuffel,"Spinx #368 (CHS)","OOS ICL / no tag 
OOS CHILL ",1,https://bogmayer.bevtrack.net/assets/bogmayer/img/meetingImg/69f1045541582.jpg,https://bogmayer.bevtrack.net/assets/bogmayer/img/meetingImg/69f1045633481.jpg,,
"04/28/26 19:52:05ET",Gallo,Williams,"Spinx #370 (CHS)","Solid stock of2/12 and Chill-  added 19.2 yankee",0,https://bogmayer.bevtrack.net/assets/bogmayer/img/meetingImg/69f0f3c3538fc.jpg,https://bogmayer.bevtrack.net/assets/bogmayer/img/meetingImg/69f0f3c43e55c.jpg,https://bogmayer.bevtrack.net/assets/bogmayer/img/meetingImg/69f0f3c4e267d.jpg,
"04/28/26 20:42:11ET",Kelley,,"Tin & Tallow (CHS)","I’ve been texting Tyler. He told me he needed a tap panel so I just dropped one off. He was not here today, so I left it with one of the girls behind the front counter..",0,,,,
"04/28/26 19:50:10ET",Mayer,,"TOP DAWG TAVERN","Spoke to Kyle Juice Juice is moving well, still needs table tents and damn Yankee handle
 ",0,,,,
"04/28/26 21:28:24ET",Gallo,Scruggs,"Total Wine & More #702-W Ashley (CHS)","Low inventory and OOS ",4,https://bogmayer.bevtrack.net/assets/bogmayer/img/meetingImg/69f10a56d84fe.jpg,https://bogmayer.bevtrack.net/assets/bogmayer/img/meetingImg/69f10a5778587.jpg,,
"04/27/26 18:37:52ET",Kelley,Rohal,"Buffalo Wild Wing-Bluffton (CHS)","Finally, finally, finally met with Kat!!! She says Yankee sales have been down not because of quality of the beer or anything else other than the fact that she thinks people are wanting to spend less money. Once she said that I instantly thought of ISLAND brand! She also said when we provided her with coasters, it seemed to help with Yankee sales too. So I showed her ICL and Active pricing as well as our coaster program which would kill two birds with one stone. She gave me her email so I could send her more information on everything. I left her with my card and hopefully I’ll hear from her soon..",0,,,,
"04/27/26 17:36:55ET",Mayer,Menard,"Co (CHS)","Spoke with bartender,going to carrying Damn Yankee draft",0,https://bogmayer.bevtrack.net/assets/bogmayer/img/meetingImg/69ef8296e1f35.jpg,,,
"04/27/26 22:24:07ET",Mayer,,"Dog & Duck - MC (CHS)","Wants Orangutang 1/2",1,,,,
"04/27/26 19:37:31ET",Kelley,Rohal,"Giuseppi's-Bluffton (CHS)","Lori was not in today. She’ll be in tomorrow until 2 PM. I spoke with the assistant manager. I dropped off samples of ICL and Active. They currently carry Yankee and JJ. She seemed to be interested in ICL and Active especially the prices on them. I will follow up with them tomorrow.",0,,,,
"04/27/26 22:22:47ET",Mayer,,"Home Team BBQ (COLA)","Spoke with Rachel at home team they are really trying to get their hands on the Kolsch.  Mentioned did you use and dance naked they really want the kolsch.  Would buy atleast 2halves at a time",0,,,,
"04/27/26 22:26:46ET",Mayer,Berardelli,"Islander 71 - IOP (CHS)","Wants Livin Easy cans, mentioned he could pick up ‘93 Lager or BellyItcher",0,,,,
"04/27/26 21:30:08ET",Mayer,,"TOP DAWG TAVERN","Currently has active, JJ, DY",0,,,,
"04/24/26 15:20:08ET",Gallo,Rutledge,"Blue Water #12 (CHS)","Checked on 19.2 DY- not in this store yet. ",0,,,,
"04/24/26 19:23:42ET",Gallo,Scruggs,"Harris Teeter #365 (CHS)","Great talk with Brett - mgr, he will bring in DN/JJ and Active, need to follow up next week.  Excited about the HH. ",0,,,,
"04/24/26 17:40:28ET",Mayer,Menard,"MOMO Kitchen & Market (CHS)","Spoke to Matt has a funky coffee color going to swap his keg",0,,,,
"04/23/26 17:51:18ET",Roland,Williams,"Bert's Supermarket (CHS)","SB products good. Definitely in need of a order of 2/12 ICL and out of Active",0,,,,
"04/23/26 19:00:22ET",Kelley,,"Bluffton Sunset Events","Just met with Mark Weisner at Southern Barrel Brewery. Southern Crown dropped off some cases for his upcoming event tomorrow at the Brewery for him to pick up. Southern Crown was missing the two cases of active. Mark is contacting Galentine about it. If it’s not resolved, I’ll see what I can do.",0,,,,
"04/23/26 18:18:54ET",Gallo,Mathias,"Bottles Beverage - Mt Pleasant (CHS)","OOS ICL - Low on RB skus and Active - need to discuss with Ben and Brendan. ",2,,,,
"04/23/26 17:39:51ET",Gallo,Berardelli,"Charleston Harbor Resort (CHS)","Check in but nobody available at the REEL Bar- will reach out to Joey to see what’s going on for concerts ",0,,,,
"04/23/26 17:53:44ET",Roland,Coburn,"Chico Feo (CHS)","The order for JJ went through. Sulley said they’re waiting to put it on once the coast Kolsch kicks",0,,,,
"04/23/26 19:25:47ET",Mayer,Campbell,"Coots Bar And Grill (CHS)","Moving dance, naked really well going to keep it on for the summer. Doesn’t want to bring anything else.",1,,,,
"04/23/26 17:41:11ET",Gallo,Menard,"Daniel Island Ferry Boat (CHS)","Check in for the weekend with Colby and team ",0,,,,
"04/23/26 19:19:00ET",Mayer,,"Food Lion #2838 (CHS)","No, Rusty bowl or Southern Barrel or island brands reached out to rep",0,,,,
"04/23/26 16:45:24ET",Hamilton,Mathias,"Harris Teeter #19 (CHS)","Good stock of ICL, but no RB",0,https://bogmayer.bevtrack.net/assets/bogmayer/img/meetingImg/69ea30830ee97.jpg,https://bogmayer.bevtrack.net/assets/bogmayer/img/meetingImg/69ea3083c55a5.jpg,,
"04/23/26 17:30:31ET",Hamilton,Dreher,"Harris Teeter #385 (CHS)","Good stock of ICL, Active, and damn Yankee. Damn Yankee in fridge and local section",0,https://bogmayer.bevtrack.net/assets/bogmayer/img/meetingImg/69ea3b134363a.jpg,https://bogmayer.bevtrack.net/assets/bogmayer/img/meetingImg/69ea3b1493664.jpg,https://bogmayer.bevtrack.net/assets/bogmayer/img/meetingImg/69ea3b15d9205.jpg,
"04/23/26 17:02:06ET",Hamilton,Mathias,"Harris Teeter #457 (CHS)","Good stock of ICL. No RB",0,https://bogmayer.bevtrack.net/assets/bogmayer/img/meetingImg/69ea346db4872.jpg,,,
"04/23/26 17:07:11ET",Hamilton,Mathias,"Harris Teeter #457 (CHS)","Picture from 4/23",0,https://bogmayer.bevtrack.net/assets/bogmayer/img/meetingImg/69ea359e714ff.jpg,,,
"04/23/26 17:57:48ET",Gallo,Mathias,"Harris Teeter #457 (CHS)","Paul wants Dance and JJ new cans, will reach out to Brendan. ",2,,,,
"04/23/26 17:51:24ET",Gallo,Jackson,"Juanita Greenbergs (CHS)","Tried to pitch coaster program to Calvin, in tomorrow after 3. ",0,,,,
"04/23/26 17:53:05ET",Gallo,Jackson,"Kickin' Chicken - Coleman (CHS)","Mike M - not in today- want to pitch coaster program for all KC’s. ",0,,,,
"04/23/26 19:14:06ET",Mayer,Livingston,"McConkeys (CHS)","Picking up Orangutan 1/6 and now serving Island Active buckets",0,,,,
"04/23/26 19:08:45ET",Kelley,McClellan,"Nantucket Meat & Fish Market (CHS)","Southern Crown did a hot shot order for my tap takeover. They did not deliver the 11 cases of beer only kegs however. they also sent the same order without cans again on the schedule delivery date for the original order so there was a duplicate delivered. Supposedly Southern Crown is going to pick up the duplicate order from Nantucket today and take it back to the warehouse.",0,,,,
"04/23/26 18:57:21ET",Kelley,Rohal,"Nectar - Bluffton (CHS)","Just met with Conner at the restaurant to drop off root beer for them. I asked them again about possibly adding a second line from us to their draft. He says he’s trying to run through a few rotating lines and then he is open for suggestions. Yankee still going well for them.",0,,,,
"04/23/26 00:56:27ET",Kelley,Rohal,"Nom Nom Poke (CHS)","Dance Naked made the menu.",0,https://bogmayer.bevtrack.net/assets/bogmayer/img/meetingImg/69eaa3999aa6a.jpg,,,
"04/23/26 16:50:15ET",Hamilton,Mathias,"Publix #1055 (CHS)","Low on ICL 2/12, but order was put in last week",0,https://bogmayer.bevtrack.net/assets/bogmayer/img/meetingImg/69ea31a67f35f.jpg,,,
"04/23/26 21:09:12ET",Kelley,,"The Local Pickle (CHS)","Just met Nancy the owner and spoke with her a little bit about the upcoming tournament and possible sponsorship.",0,,,,
"04/23/26 20:09:35ET",Kelley,Holyoak,"Top Dawg Tavern - HHI (CHS)","Just dropped off ISLAND brand buckets for the bucket program and the flyer cards for them as well. ",0,https://bogmayer.bevtrack.net/assets/bogmayer/img/meetingImg/69ea605e6b20d.jpg,,,
"04/23/26 17:45:39ET",Hamilton,Dreher,"Walmart #4384 (CHS)","OOS ICL 2/12. Good stock of IcL 4/6",1,https://bogmayer.bevtrack.net/assets/bogmayer/img/meetingImg/69ea3ea2bd8a4.jpg,,,
"04/22/26 19:49:57ET",Kelley,Rohal,"1711 Taphouse (CHS)","Stop back in to try to see Eric but he was not in. He told me last week that if he was going to order something, it would be today so I was trying to catch him while he was hopefully doing an order. The contact he gave me was for the bar, so I’m not sure how to get up with him unless I catch him here at the restaurant…",0,,,,
"04/22/26 23:09:18ET",Roland,Coburn,"Carolina Ale House - Nexton (CHS)","Kicked the FTT a week or so ago. But, still have BS on draft. Shan said he’s tried to order ORG a few times and told him they were added to the SCP list this week. Should be able to order it soon. ",1,,,,
"04/22/26 20:12:11ET",Kelley,Rosario,"Food Lion #1698 (CHS)","Spoke with AJ who is the assistant manager this time. Brianna was not in today. He wants me to follow back up with him next Monday. They don’t carry anything from us currently. I’m trying to get them to carry Yankee and ICL in their local goodness section.",0,,,,
"04/22/26 22:40:23ET",Roland,Wannamaker,"Fratello's - Park Circle (CHS)","Went in and let Allie know that I’ll be leaving and if she needs anything to let Ben or Mike know Still have juice juice on dry for the time being until she can get orangutan next week",0,,,,
"04/22/26 21:11:40ET",Hamilton,Savage,"Harris Teeter #363 (CHS)","Great stock on island. ",0,https://bogmayer.bevtrack.net/assets/bogmayer/img/meetingImg/69e91d6acb769.jpg,https://bogmayer.bevtrack.net/assets/bogmayer/img/meetingImg/69e91d6b951de.jpg,,
"04/22/26 19:34:13ET",Hamilton,Taylor,"Harris Teeter #368 (CHS)","Good stock on everything. Good on ICL 2/12 and 4/6 and SB Damn Yankee.  Dropped off flyer and they said that the reset will be happening next week.",0,https://bogmayer.bevtrack.net/assets/bogmayer/img/meetingImg/69e90693c995a.jpg,https://bogmayer.bevtrack.net/assets/bogmayer/img/meetingImg/69e906948cd6c.jpg,,
"04/22/26 18:50:03ET",Gallo,May,"Harris Teeter #453 (CHS)","ICL low ",3,https://bogmayer.bevtrack.net/assets/bogmayer/img/meetingImg/69e8fc38ae9bd.jpg,,,
"04/22/26 22:07:02ET",Hamilton,Mathias,"Harris Teeter #87 (CHS)","OOS iCL 4/6 and Island Active. We only have ICL 2/12. Nothing else",0,https://bogmayer.bevtrack.net/assets/bogmayer/img/meetingImg/69e92a6547dd5.jpg,,,
"04/22/26 22:38:33ET",Roland,,"Johnny's Garage (CHS)","Dropped off another round of samples for the bar manager. Told them to follow up with Ben or Mike for any additional information.",0,,,,
"04/22/26 19:36:56ET",Roland,,"Katsubo Chicken & Ramen (CHS)","Checked on Sebastian and let him know I’ll be leaving. Let him know if he needs anything to reach out to Ben or Mike. Still have JJ as their only IPA",0,,,,
"04/22/26 23:16:48ET",Roland,,"LG's Grill - Tanner Hall (CHS)","Ordered a case of JJ a few weeks ago. It’s selling great according the Laura. Tried to get DY in here a while back but she ended up going with JJ. Were the only local IPA offered",1,,,,
"04/22/26 22:41:33ET",Roland,Wannamaker,"Madra Rua - Park Circle (CHS)","Had some technical issues earlier, putting in the rest of the notes for Park Circle now still have Berry stop on draft let Caleb know if he needs anything to reach out to Ben or Mike",0,,,,
"04/22/26 19:14:24ET",Gallo,Menard,"Martin's Bbq (CHS)","Tried to catch up with Chris, not in today but will reach out to Coburn for update on coaster program ",0,,,,
"04/22/26 20:13:57ET",Hamilton,Heath,"Publix #1120 (CHS)","Still No ICL in store",0,https://bogmayer.bevtrack.net/assets/bogmayer/img/meetingImg/69e90fe50b248.jpg,,,
"04/22/26 18:10:29ET",Gallo,May,"Publix #1645 (CHS)","OOS Island ",1,https://bogmayer.bevtrack.net/assets/bogmayer/img/meetingImg/69e8f2f4a5890.jpg,,,
"04/22/26 19:36:24ET",Hamilton,Taylor,"Publix #1866 (CHS)","Good stock of IcL 2/12",0,https://bogmayer.bevtrack.net/assets/bogmayer/img/meetingImg/69e90717f2fe8.jpg,,,
"04/22/26 18:49:07ET",Hamilton,McDowell,"Publix #2038 (CHS)","Low on ICL 2/12 (1 pack left). Well stocked on SB damn yankeee",1,https://bogmayer.bevtrack.net/assets/bogmayer/img/meetingImg/69e8fc01c49a8.jpg,https://bogmayer.bevtrack.net/assets/bogmayer/img/meetingImg/69e8fc02c84fd.jpg,,
"04/22/26 18:33:00ET",Kelley,Rohal,"Ralphies Pizza (CHS)","Yankee and Brmable still in cans. ICL on draft as well still. Maddie is not here today. Everything seems to be going well.",0,https://bogmayer.bevtrack.net/assets/bogmayer/img/meetingImg/69e8f83b82283.jpg,https://bogmayer.bevtrack.net/assets/bogmayer/img/meetingImg/69e8f83c2272e.jpg,,
"04/22/26 18:36:04ET",Kelley,,"Ralphies Pizza - Ridgeland (CHS)","Just found out that apparently there is a new owner named Adam. ",0,,,,
"04/22/26 21:04:25ET",Roland,,"Ritual - Calhoun (CHS)","Had a lunch with Chelsea. ICL is now going to be the only local beer featured in their portfolio. Wanting to start with ICL and then move into RB products",1,,,,
"04/22/26 19:41:17ET",Roland,Wannamaker,"Sesame - Park Circle (CHS)","Stopped in to see Bailey. He wasn’t in today. I sent him a text to let him know that I’ve leaving. Him and Ben have a great relationship so he’s already connected. Still have two lines for RB",0,,,,
"04/22/26 19:47:12ET",Roland,Wannamaker,"Southern Roots - Park Circle (CHS)","Stopped in to see Ciara. Everything is still good. Have JJ on draft. Finally got through the ICL. All of their taps are up and pouring. Might be a good time to get ICL in for their foreseeable future",0,,,,
"04/22/26 18:51:22ET",Hamilton,Wagoner,"Spinx #0317 (CHS)","Great stock of Chill Strawberry Mango and Pineapple cocounut",0,https://bogmayer.bevtrack.net/assets/bogmayer/img/meetingImg/69e8fc88e56f0.jpg,https://bogmayer.bevtrack.net/assets/bogmayer/img/meetingImg/69e8fc8999ad3.jpg,,
"04/22/26 17:44:29ET",Hamilton,Daley,"Spinx #0352 (CHS)","Good stock of ICL 2/12 (2 cases). 2 packs of Chill strawberry mango + singles",1,https://bogmayer.bevtrack.net/assets/bogmayer/img/meetingImg/69e8ecdb21785.jpg,https://bogmayer.bevtrack.net/assets/bogmayer/img/meetingImg/69e8ecdc16c81.jpg,https://bogmayer.bevtrack.net/assets/bogmayer/img/meetingImg/69e8ecdd03a1a.jpg,
"04/22/26 19:59:30ET",Hamilton,Lance,"Spinx #0353 (CHS)","Amazing stock of everything. Plenty of Chill and ICL",0,https://bogmayer.bevtrack.net/assets/bogmayer/img/meetingImg/69e90c805f4c5.jpg,https://bogmayer.bevtrack.net/assets/bogmayer/img/meetingImg/69e90c81065af.jpg,https://bogmayer.bevtrack.net/assets/bogmayer/img/meetingImg/69e90c81a713f.jpg,
"04/22/26 20:36:07ET",Hamilton,Lance,"Spinx #0366 (CHS)","Good stock of Chill. Strawberry Mango",0,https://bogmayer.bevtrack.net/assets/bogmayer/img/meetingImg/69e91516434c9.jpg,https://bogmayer.bevtrack.net/assets/bogmayer/img/meetingImg/69e9151704138.jpg,,
"04/22/26 18:44:57ET",Kelley,Rohal,"Sunset Pizzeria (CHS)","Avery not in until 4. Larson says ICL is going well. I’m gonna give Avery a call and see if they need anything.",0,https://bogmayer.bevtrack.net/assets/bogmayer/img/meetingImg/69e8fb08d0cac.jpg,,,
"04/22/26 20:42:49ET",Gallo,Menard,"The Clubhouse (CHS)","Working on a deal for $1 beer Thirsdays. Follow back up next week ",0,,,,
"04/22/26 19:42:39ET",Gallo,May,"Walmart #2348 (CHS)","Great stock of ICL - no order needed ",0,https://bogmayer.bevtrack.net/assets/bogmayer/img/meetingImg/69e9088f1c249.jpg,,,
"04/22/26 20:48:27ET",Hamilton,Heath,"Walmart Market #6174 (CHS)","OOS ICL 2/12",1,https://bogmayer.bevtrack.net/assets/bogmayer/img/meetingImg/69e917fa408dc.jpg,,,
"04/21/26 19:48:18ET",Roland,Zimmer,"Brick (CHS)","Chatted with Mel for a second. Still good on the bucket program. Had a good crowd inside. Looks like it’s starting to pick up. Would try to push ‘93 after the Kolsch",0,,,,
"04/21/26 19:57:08ET",Roland,Zimmer,"Chas Beer Works (CHS)","Still have ICL on draft. Kicked the RY so he replaced it with a different brand. Would definitely stop in to pitch coaster program and rotating line",0,,,,
"04/21/26 15:21:11ET",Mayer,,"Craft And Draft (COLA)","Reached out to Kellan regarding order for tap takover next week to confirm. ",0,,,,
"04/21/26 15:25:55ET",Mayer,,"Craft And Draft (COLA)","Reached out to Kellan to confirm order for TT next week",0,,,,
"04/21/26 19:38:05ET",Roland,Zimmer,"Fleet Landing (CHS)","Nate not in today. But the draft system is back up and we’re pouring again!",0,,,,
"04/21/26 18:36:11ET",Kelley,Livingston,"Jazz Corner (CHS)","Swung by here at the owner Mikes request. I should have called him before I drove here. He won’t be in till later after I’m scheduled to bartend. I am sending him another inventory list. Apparently I wrote his email down wrong last time. He is interested in getting some other beer from us in here. Hopefully he’ll respond back soon and we can get him in order in!",0,,,,
"04/21/26 15:22:35ET",Mayer,,"Lazy Creek Taphouse (COLA)","Reached out to Mallory to see when she is going to start pulling orders",0,,,,
"04/21/26 17:51:14ET",Kelley,Holyoak,"Locals Only Taproom (CHS)","Just stopped by to drop a tap handle off to Shona for her Active she ordered.",0,,,,
"04/21/26 20:03:12ET",Roland,Menard,"Rarebit (CHS)","Now mother’s ruin. Dropped off some samples of RB products and sells sheets. The bar manager’s name is Connor. Would be a sweet spot! ",0,,,,
"04/21/26 20:17:27ET",Roland,Edwards,"Salty Mikes (CHS)","ICL and Southern Barrel still not on draft they’re sitting on the kegs still have two ICL 1/6s and one damn Yankee
",0,,,,
"04/21/26 20:54:37ET",Mayer,,"Steel City Pizza - Dorchester (CHS)","Spoke to Dennis, island Coastal Lager to be house beer at all locations as soon as it’s available",1,,,,
"04/21/26 20:56:35ET",Mayer,,"Steel City Pizza-Carnes Crossing (CHS)","Spoke to Dennis, island Coastal Lager to be house beer at all locations as soon as it’s available",1,,,,
"04/21/26 19:40:57ET",Kelley,,"The Local Pickle (CHS)","Just met Debbie one of the managers. They have a huge selection of alcohol that is totally unnecessary. They want to trim some fat with the selection and go mostly local. They carry our Yankee in cans. They do not have any draft here. They are doing a pickle ball tournament on May 15th, 16th and 17th. They’re gonna have tents and vendors as well as radio stations here as well. I want to see if we can try to be a sponsor for them. I’m trying to get them to pick up something from ISLAND brand. I left her samples.",0,,,,
"04/21/26 17:06:18ET",Kelley,,"Tin & Tallow (CHS)","Just met with Tyler. We didn’t have much time to talk because he was finishing up his feature burger for the week. He got those samples I left for him last week and said he is definitely going to go with Active for draft. He wants me to send him an inventory list as well, so he can check some other things he might be interested in too.",0,,,,
"04/21/26 23:50:53ET",Kelley,,"Tin & Tallow (CHS)","Just spoke with Tyler through text messages and he ended up ordering 3 1/6 Active and 2 cases of Bluff Lite! ",0,,,,
"04/20/26 21:07:21ET",Roland,Menard,"Accent On Wine - Park Circle (CHS)","No DY but still good on island",0,https://bogmayer.bevtrack.net/assets/bogmayer/img/meetingImg/69e679694f706.jpg,,,
"04/20/26 19:49:51ET",Kelley,Rohal,"Calhoun's (CHS)","Letty just placed an order for a 1/6 Tumbling Monk. I left samples of everything I had in cans. I also grabbed her email so that I can send her an inventory list as well. I gave her my card so she can let me know what she wants so I can log it in the app too. I left her with a couple swag items to try to get her on our side and order more from me. She wants pint glasses, but she will need to order more than just a 1/6 BBL for those…",0,,,,
"04/20/26 19:22:23ET",Kelley,Rohal,"Capt Woodys-Bluff (CHS)","Try to speak with Ashley the manager, but she was extremely busy. Will stop by another time. I wanted to try to check on the samples I left for them my last visit.",0,,,,
"04/20/26 21:01:28ET",Roland,Wannamaker,"Dig In Park Circle (CHS)","Still doing good on product. Just waiting to get ORG from crown",0,,,,
"04/20/26 21:04:00ET",Roland,Wannamaker,"Fratello's - Park Circle (CHS)","Tried to get ORG but still not in stock. Ali waiting to pick up until it’s ready. ",0,,,,
"04/20/26 18:34:23ET",Kelley,,"Lighthouse Miniature Golf - Bluffton (CHS)","Yankee & ICL is going awesome they say. I mentioned to them if they want to pick up Acitve in cans to let me know. I told them I thought it would go well as another option with the ICL on draft.",0,,,,
"04/20/26 19:17:34ET",Kelley,Rohal,"Local Pie-Bluffton (CHS)","Spoke with Emily the new GM. She is not sure what is going on with the deal between us and Jimmy regarding the house beers he wants to do. I’m going to try to stop by the new Local Pie off Riverside. And see if I can catch Jimmy to talk to him about it.",0,,,,
"04/20/26 21:19:59ET",Kelley,Holyoak,"Locals Only Taproom (CHS)","Just got a text from Shona after my sample drop offs last time I was there and she like the Active. She will be ordering a 1/6 and 1 case of it!",0,,,,
"04/20/26 22:39:49ET",Roland,Wannamaker,"Southern Roots - Park Circle (CHS)","Still doing good on beer have island on from St. Patrick’s Day still have juice juice",0,,,,
"04/20/26 22:02:02ET",Roland,Wannamaker,"Tattooed Moose - Park Circle (CHS)","Confused because Jayke said they picked up damn Yankee but the bartender said they don’t have it and haven’t… not sure what’s up. But stuff good on BL",0,https://bogmayer.bevtrack.net/assets/bogmayer/img/meetingImg/69e6863a09b0f.jpg,,,
"04/17/26 14:09:37ET",Gallo,Scruggs,"Harris Teeter #365 (CHS)","Still OOS DY And JJ and very low  on ICL 4/6z ",3,https://bogmayer.bevtrack.net/assets/bogmayer/img/meetingImg/69e2230092c09.jpg,https://bogmayer.bevtrack.net/assets/bogmayer/img/meetingImg/69e223012ee66.jpg,,
"04/17/26 20:10:06ET",Gallo,Scruggs,"Harris Teeter #410 (CHS)","Great stock of ICL /Active - need to check on RB brands ",0,,,,
"04/17/26 17:17:44ET",Kelley,Rohal,"Local Pie-Bluffton (CHS)","They are putting on a 1/2 BBL of Yankee at new location New Riverside in Bluffton on a permanent line!",0,,,,
"04/17/26 17:30:17ET",Gallo,Orr,"Publix #0449 (CHS)","Low ICL and DY on shelf and BS",2,https://bogmayer.bevtrack.net/assets/bogmayer/img/meetingImg/69e25207efab9.jpg,,,
"04/17/26 19:41:16ET",Gallo,Scruggs,"Total Wine & More #702-W Ashley (CHS)","Low on ICL and ACTIVE - need new RB skus in place ",5,https://bogmayer.bevtrack.net/assets/bogmayer/img/meetingImg/69e270bbefb96.jpg,,,
"04/17/26 17:55:09ET",Gallo,Mathias,"Total Wine & More #705-Mt P (CHS)","Very Low on ICL / RB / CHILL and DY.  Need to reach out to Philip next week for large order. ",1,https://bogmayer.bevtrack.net/assets/bogmayer/img/meetingImg/69e257db441da.jpg,https://bogmayer.bevtrack.net/assets/bogmayer/img/meetingImg/69e257dc4ba45.jpg,,
"04/17/26 18:24:30ET",Gallo,Orr,"Walmart #0632 (CHS)","OOS active - need back in when the truck arrives today. Low on 2/12 ICL . ",2,https://bogmayer.bevtrack.net/assets/bogmayer/img/meetingImg/69e25ebd38d3a.jpg,,,
"04/16/26 20:26:06ET",Kelley,Holyoak,"Benny's Coastal Kitchen (CHS)","Matt wants to do ICL once they change over their menu three weeks from now. I made a reminder. I will check back then.",0,,,,
"04/16/26 20:10:15ET",Roland,Williams,"Bert's Supermarket (CHS)","Picked up Beach Bully and Yankee!!! All the other beers looked good. Moved the island active to the main cooler. Wasn’t space beside the ICL 4x6 but put it beside terrapin. Also, dropped off a 19.2 of yankee",2,,,,
"04/16/26 18:09:39ET",Mayer,Coburn,"Bolts & Brew - ACE Hardware (CHS)","Spoke with Marlana, event was a success and was very appreciative that we came out has been selling through dance naked extremely well ordering two more cases",1,,,,
"04/16/26 19:27:28ET",Roland,Coburn,"Catch23 (CHS)","Was able to get the order through and beer was delivered. Seems like everything is squared away now. Will talk about the coaster program again in a week or so after everything has died down",0,,,,
"04/16/26 18:18:42ET",Gallo,Berardelli,"Charleston Harbor Resort (CHS)","Checked on taps and DI ferry for order. ",0,,,,
"04/16/26 20:12:00ET",Roland,Coburn,"Chico Feo (CHS)","Already ran through the SB. Not picking anything else up right now. ",0,https://bogmayer.bevtrack.net/assets/bogmayer/img/meetingImg/69e1266f105ba.jpg,https://bogmayer.bevtrack.net/assets/bogmayer/img/meetingImg/69e1266fb0c90.jpg,,
"04/16/26 20:02:32ET",Roland,Coburn,"Coconut Joes - Folly (CHS)","Doesn’t look like the ICL keg from last week was replace.. have to reach out to Coburn",0,https://bogmayer.bevtrack.net/assets/bogmayer/img/meetingImg/69e1243835e29.jpg,,,
"04/16/26 20:23:45ET",Roland,Coburn,"Crab Shack-Folly (CHS)","Still pouring ICL. Apparently the tap was off last time I came in. They picked up a keg two weeks ago so will pick up again next week. Want to drop off some coasters next week ",0,,,,
"04/16/26 19:38:45ET",Roland,Livingston,"Drop In (CHS)","Closed today for maintenance",0,,,,
"04/16/26 18:20:14ET",Gallo,Menard,"Embassy Suites - Patriots Point (CHS)","Adam was not in, checking on reorder for ICL draft",0,,,,
"04/16/26 20:56:08ET",Kelley,Livingston,"Indy Karting SC (CHS)","Bailey or Yuhler are not in today. ",0,,,,
"04/16/26 15:24:47ET",Gallo,Kuffel,"Spinx #368 (CHS)","OOS ICL and no gas tag- see pics ",1,https://bogmayer.bevtrack.net/assets/bogmayer/img/meetingImg/69e0e31ee9966.jpg,,,
"04/16/26 18:25:59ET",Mayer,Coburn,"Swig & Swine - Summerville (CHS)","Met with Mike, railyard is doing well.  Going to feature it this month.  Ordering 1/2s.  Spoke to him about active draught.  Likes the price point and is going to consider it",0,https://bogmayer.bevtrack.net/assets/bogmayer/img/meetingImg/69e10d96bd542.jpg,,,
"04/16/26 19:34:51ET",Roland,Berardelli,"The Bounty Bar (CHS)","Looking like the same cans when I was in last time. However… FINALLY GOT ICL ON DRAFT! Been working on that for a minute. ",1,https://bogmayer.bevtrack.net/assets/bogmayer/img/meetingImg/69e11db96a47c.jpg,https://bogmayer.bevtrack.net/assets/bogmayer/img/meetingImg/69e11dba0536b.jpg,https://bogmayer.bevtrack.net/assets/bogmayer/img/meetingImg/69e11dba8dbd6.jpg,
"04/16/26 19:52:59ET",Kelley,,"Tin & Tallow (CHS)","Casey is now doing all the ordering. He wants me to stop by next Tuesday on the morning to try to meet with owner.",0,,,,
"04/16/26 19:00:53ET",Kelley,Holyoak,"Top Dawg Tavern - HHI (CHS)","Just dropped off the Rusty Bull/ISLAND brand 16oz plastic to go cups for them. Everything seems to be going well here. I met Taylor the area director as well. We need to make sure they have more cups before memorial day. Yankee, JJ, Active on draft and ICL in cans. ",0,https://bogmayer.bevtrack.net/assets/bogmayer/img/meetingImg/69e115c33064f.jpg,https://bogmayer.bevtrack.net/assets/bogmayer/img/meetingImg/69e115c3bca93.jpg,https://bogmayer.bevtrack.net/assets/bogmayer/img/meetingImg/69e115c45de8f.jpg,
"04/16/26 21:04:29ET",Roland,Coburn,"Washout (CHS)","Checked in to make sure everything was good after the bad beer. They seem okay. Definitely need to bring by some coasters to help smooth everything over",0,,,,
"04/16/26 20:43:36ET",Roland,Berardelli,"Woody's Pizza (CHS)","Came in to check if they kicked the Sam Adams and did but unfortunately didn’t pick up the Active that was promised. Coburn was notified and was excited. Told me he’s reach out to her and hasn’t heard back yet. ",0,https://bogmayer.bevtrack.net/assets/bogmayer/img/meetingImg/69e12dd7627e7.jpg,,,
"04/15/26 17:54:38ET",Roland,Berardelli,"Art's (CHS)","Finally kicked the TM! Was able to order ICL yesterday. ",0,https://bogmayer.bevtrack.net/assets/bogmayer/img/meetingImg/69dfb4bdb330a.jpg,,,
"04/15/26 20:42:22ET",Roland,Jackson,"Buffalo Wild Wings - Mt P (CHS)","Brennan not in today still have juice juice on draft not sure if it’s the same keg from before or a new one. I will follow up with Joey but did not see the island coastal at all.",0,https://bogmayer.bevtrack.net/assets/bogmayer/img/meetingImg/69dfdc0e59bba.jpg,,,
"04/15/26 18:11:56ET",Kelley,Williams,"Citgo (SAV)","Met the owner Patty. I showed him the ICL, Yankee & Helles. I thought ICL in cans would go well here given the fact we are on an island and I told him that. He’s going to get with his Southern Crown rep he doesn’t want to do anything now..",0,,,,
"04/15/26 16:39:42ET",Kelley,Brennan,"Coaches Corner (SAV)","Once again have not been able to catch Vinnie here. Next time I will try the newer Coach’s Corner to see if I have better luck there.",0,,,,
"04/15/26 16:24:11ET",Hamilton,Dreher,"Harris Teeter #385 (CHS)","OOS ICL 4/6. Great stock of ICL 2:/12 and SB Damn Yankee. A few packs of active on the display",0,https://bogmayer.bevtrack.net/assets/bogmayer/img/meetingImg/69df9f8993e9e.jpg,https://bogmayer.bevtrack.net/assets/bogmayer/img/meetingImg/69df9f8a522b8.jpg,,
"04/15/26 20:28:49ET",Gallo,Scruggs,"Harris Teeter #410 (CHS)","Low ON ICL and RB - need to reach out for new cans placement ",0,,,,
"04/15/26 15:43:29ET",Hamilton,Mathias,"Harris Teeter #87 (CHS)","Very concerning stock. OOS ICL 2/12, OOS ICL 4/6, OOS dance Naked, OOS Juice Juice. We only have Island Active. ",4,https://bogmayer.bevtrack.net/assets/bogmayer/img/meetingImg/69df95ffea9e1.jpg,https://bogmayer.bevtrack.net/assets/bogmayer/img/meetingImg/69df9600b4d50.jpg,,
"04/15/26 17:27:39ET",Hamilton,Dreher,"Lowe's Foods #265 (CHS)","OOS Island 2/12. Good stock of ICL 4/6, Island Chill and Juice Juice",1,https://bogmayer.bevtrack.net/assets/bogmayer/img/meetingImg/69dfae697f369.jpg,https://bogmayer.bevtrack.net/assets/bogmayer/img/meetingImg/69dfae6a52961.jpg,https://bogmayer.bevtrack.net/assets/bogmayer/img/meetingImg/69dfae6b2661a.jpg,
"04/15/26 22:41:19ET",Mayer,Livingston,"McConkeys (CHS)","Carrying DY cans, Wants to do a bucket promo IA and Or. rotating for BS over summer.  10buckets, will last 3mo.  Would like a tin tacker or a sign.  Would like coasters as well.  Will sub DY for Juice juice occasionally.  Fall festival draught trailer needs as well.
June 1st summer change over DY to JJ.
Would like to also work on fall beer options.  Interested in RBF.",2,,,,
"04/15/26 19:33:35ET",Roland,Berardelli,"My Fathers Moustache - Mt P (CHS)","Dropped off a sample of ORG. ICL was still normal and good to go. ",0,https://bogmayer.bevtrack.net/assets/bogmayer/img/meetingImg/69dfcbef07c4c.jpg,,,
"04/15/26 19:16:22ET",Roland,Berardelli,"Pages Okra Grill (CHS)","Dropped off samples for Josh and the new GM. She’s interested in bringing in either RB or ICL",0,,,,
"04/15/26 20:27:07ET",Gallo,Kuffel,"Parkers #105 (CHS)","Checking on 19.2",0,,,,
"04/15/26 19:04:17ET",Kelley,McGilvray,"Pier 16 Seafood Restaurant (SAV)","Spoke with Brendan about draft options. Robbie is the bar manager, but is not in today. The top deck is all the craft beers. They currently carry ICL. I left my card with some sell sheets on Yankee and Helles. I will follow up next time I’m in town.",0,,,,
"04/15/26 19:05:26ET",Kelley,McGilvray,"Pier 16 Seafood Restaurant (SAV)","Top deck current draft options",0,https://bogmayer.bevtrack.net/assets/bogmayer/img/meetingImg/69dfc5559fb46.jpg,,,
"04/15/26 14:59:46ET",Hamilton,Dreher,"Publix #1081 (CHS)","Good stock. 3 packs of ICL 2/12.",0,https://bogmayer.bevtrack.net/assets/bogmayer/img/meetingImg/69df8bc1a44bf.jpg,,,
"04/15/26 17:31:53ET",Roland,Berardelli,"Red's Ice House-Shem (CHS)","Skip or Kenny not around today. Good on ICL cans still not Rusty IPAs as suspected",0,,,,
"04/15/26 20:20:06ET",Mayer,Berardelli,"Red's Ice House-Shem (CHS)","Spoke to Skip going to bring in JJ or DN",0,,,,
"04/15/26 17:26:07ET",Roland,Berardelli,"Saltwater Cowboys (CHS)","Dropped off the sleeve of buckets for Island Brands. Will drop off some SWC buckets Friday. Let Spencer know that we will be bringing the tent and lei’s on Friday ",0,,,,
"04/15/26 17:45:12ET",Roland,Jackson,"Shelter (CHS)","Liam going to give ORG a try for his rotating draft line. Still didn’t see the JJ cans he was supposed to order last week. But, he mentioned they will be on the order this week. ",0,,,,
"04/15/26 16:15:08ET",Hamilton,Rutledge,"Spinx #371 (CHS)","Great stock of Island chill.",0,https://bogmayer.bevtrack.net/assets/bogmayer/img/meetingImg/69df9d6a7b0f7.jpg,https://bogmayer.bevtrack.net/assets/bogmayer/img/meetingImg/69df9d6bb258b.jpg,,
"04/15/26 17:21:50ET",Kelley,McGilvray,"The Kelpie (SAV)","First time in here. It’s a newer bar. It has been open less than a year. I met Gordon the owner. He is familiar with our Yankee and ICL. He has two rotating lines. He has backups for both rotating lines right now he said to check back at the beginning of next month. I left samples of Yankee, Helles & ICL. He says he orders to Brian Batista so I can maybe use him as a way in…",0,,,,
"04/15/26 16:47:50ET",Hamilton,Mathias,"Total Wine & More #705-Mt P (CHS)","OOS Island Active and OOS SB Damn Yankee. ICL 2/12 has decent stock, but moved up on the shelf (taking less space). Rusty Bull 16oz cans are stocked ",0,https://bogmayer.bevtrack.net/assets/bogmayer/img/meetingImg/69dfa5138f764.jpg,https://bogmayer.bevtrack.net/assets/bogmayer/img/meetingImg/69dfa5145e935.jpg,https://bogmayer.bevtrack.net/assets/bogmayer/img/meetingImg/69dfa515205c8.jpg,https://bogmayer.bevtrack.net/assets/bogmayer/img/meetingImg/69dfa515bf018.jpg
"04/15/26 17:54:47ET",Kelley,,"Treylor Park Tybee (SAV)","Spoke with Asst. manager Riley. Adam is the GM but he is not here today. He will be in tomorrow. Riley told me they do need a beer for the rotating line, but Adam is the one who does all the ordering. I left sell sheets for them for Yankee, Helles & ICL. I will call Adam tomorrow and follow up to see what we can possibly do.",0,,,,
"04/15/26 17:00:41ET",Hamilton,Orr,"Walmart #0632 (CHS)","OOS Island Active, and SB Damn Yankee. 3 packs of ICL 4/6. 1 pack of ICL 2/12",4,https://bogmayer.bevtrack.net/assets/bogmayer/img/meetingImg/69dfa817c8402.jpg,https://bogmayer.bevtrack.net/assets/bogmayer/img/meetingImg/69dfa81882846.jpg,,
"04/15/26 15:13:51ET",Hamilton,Dreher,"Walmart #4384 (CHS)","OOS Island Active. Good stock of ICL 4/6. Need more ICL 2/12.",1,https://bogmayer.bevtrack.net/assets/bogmayer/img/meetingImg/69df8f0eb4259.jpg,,,
"04/15/26 22:33:26ET",Roland,Jackson,"Woodward Tavern (CHS)","Jacob reupping on JJ. Joey is going to circle back with Pete regarding active on draft. ",1,,,,
"04/15/26 20:08:57ET",Kelley,McGilvray,"Zunzis Tybee (SAV)","Stopped in and spoke with the manager Scot. I gave samples of Yankee, Helles & ICL. He said that every once in a while, throw a craft beer on draft. I told him I thought ICL would go really well here. He is going to get with his food and beverage manager, and let him know about the options.",0,https://bogmayer.bevtrack.net/assets/bogmayer/img/meetingImg/69dfd437c9736.jpg,https://bogmayer.bevtrack.net/assets/bogmayer/img/meetingImg/69dfd43887036.jpg,,
"04/14/26 20:08:27ET",Kelley,Rohal,"1711 Taphouse (CHS)","Stopped in and spoke with Eric, the manager. Left samples of bully, Yankee, ICL, active & JJ. He hasn’t had any of our brands of beer on draft in a while. He orders on Tuesdays for Thursday delivery.. He said if he wants to order it would be next week so I will check in with him then.",0,,,,
"04/14/26 20:20:23ET",Gallo,Mathias,"Bottles Beverage - Mt Pleasant (CHS)","Low ICL ",2,,,,
"04/14/26 17:59:31ET",Hamilton,McDowell,"Bottles Beverage - Summerville (CHS)","OOS Rusty Bull Juice Juice and Livin Easy. OOS Island Active. Good stock on all other Rusty Bull SKU’s. Low on ICL",1,https://bogmayer.bevtrack.net/assets/bogmayer/img/meetingImg/69de6461dd10d.jpg,https://bogmayer.bevtrack.net/assets/bogmayer/img/meetingImg/69de646278e02.jpg,https://bogmayer.bevtrack.net/assets/bogmayer/img/meetingImg/69de64630fc35.jpg,
"04/14/26 19:09:29ET",Kelley,,"Bricks On Boundary (CHS)","I was just passing by here so I decided to pull in and just check in on Kristen. I didn’t want to be too pushy about any of the beers seeing though I just spoke with her not too long ago. I just wanted to show my face and let her know that we are here whenever she decides to do so. She was a little busy. I’ll definitely push harder next time!",0,,,,
"04/14/26 22:34:19ET",Mayer,,"Do'Little (COLA)","Nobody was here. Need to come back earlier in the day.",0,,,,
"04/14/26 17:23:41ET",Hamilton,McDowell,"Earth Fare - Summerville (CHS)","Only RB berry stomp and RB dance naked. Need more berry stomp",1,https://bogmayer.bevtrack.net/assets/bogmayer/img/meetingImg/69de5bfd57287.jpg,,,
"04/14/26 20:51:14ET",Roland,Zimmer,"Fin & Crab Salty Mikes (CHS)","Keaton talking with the new buyer to see if she wants to pick up orangutan instead of suns out pale for draft she did go ahead and pick up two kegs of ICL and Dam Yankee keg",2,,,,
"04/14/26 18:07:20ET",Kelley,Jenkins,"Food Lion #0945 (CHS)","Spoke with Assistant store manager Tara. Yankee is on the local goodness shelf already she just agreed to pick up ICL for that shelf too. ",1,,,,
"04/14/26 19:38:10ET",Kelley,Rosario,"Food Lion #1698 (CHS)","Stopped in to try to get them to pick up ICL and Yankee for their local goodness section. The store manager. Brianna was on a virtual call. I wasn’t able to speak with her about it. She will be free in an hour they said. I’ll stop back by or give her a call later. ",0,,,,
"04/14/26 20:35:35ET",Kelley,Jenkins,"Food Lion #2839 (CHS)","Just spoke with Ivy, the store manager. They are going to start bringing in ICL for their Local Goodness section as well. They are already carrying Yankee & Helles 6pks already.",0,,,,
"04/14/26 17:56:25ET",Gallo,Savage,"Fresh Market #260 (CHS)","OOS - ICL 2/12",1,https://bogmayer.bevtrack.net/assets/bogmayer/img/meetingImg/69de63a863334.jpg,,,
"04/14/26 19:09:11ET",Roland,Coburn,"Gene's Haufbrau - Avondale (CHS)","Closed until 4pm today for a food truck event. ",0,https://bogmayer.bevtrack.net/assets/bogmayer/img/meetingImg/69de74b6685d5.jpg,,,
"04/14/26 17:18:45ET",Mayer,,"Gvl Beer Exchange (GVL)","Ashley was the bartender and Drew comes in later typical after 4.  Left samples of all brands",0,,,,
"04/14/26 17:25:54ET",Gallo,Mathias,"Harris Teeter #19 (CHS)","OOS - Dance Naked",2,https://bogmayer.bevtrack.net/assets/bogmayer/img/meetingImg/69de5c820f491.jpg,,,
"04/14/26 14:50:33ET",Gallo,Scruggs,"Harris Teeter #277 (CHS)","Stock check ",1,https://bogmayer.bevtrack.net/assets/bogmayer/img/meetingImg/69de38171f728.jpg,https://bogmayer.bevtrack.net/assets/bogmayer/img/meetingImg/69de381886ff1.jpg,,
"04/14/26 16:26:59ET",Hamilton,McDowell,"Harris Teeter #355 (CHS)","OOS RB Juice Juice and only 1 pack of RB Dance Naked. Great stock of ICL 4/6 (5 packs in fridge and 4 packs in local section).",2,https://bogmayer.bevtrack.net/assets/bogmayer/img/meetingImg/69de4eb16e307.jpg,https://bogmayer.bevtrack.net/assets/bogmayer/img/meetingImg/69de4eb218e07.jpg,https://bogmayer.bevtrack.net/assets/bogmayer/img/meetingImg/69de4eb2a404b.jpg,
"04/14/26 14:02:36ET",Gallo,Scruggs,"Harris Teeter #365 (CHS)","Spot check - OOS - DN And JJ ",0,https://bogmayer.bevtrack.net/assets/bogmayer/img/meetingImg/69de2cdbea446.jpg,,,
"04/14/26 18:49:41ET",Gallo,Mathias,"Harris Teeter #457 (CHS)","OOS ICL 2/12",1,https://bogmayer.bevtrack.net/assets/bogmayer/img/meetingImg/69de7024cdb53.jpg,,,
"04/14/26 18:32:34ET",Mayer,,"Home Team Bbq Of Gvl (GVL)","Bringing in JJ as soon as it’s available",0,,,,
"04/14/26 22:25:08ET",Mayer,COLA,"Lazy Creek Taphouse (COLA)","Spoke with Mallory she’s going to pick up island, active and juice juice.  Going to replace garage beer with active.  They love active it’s their beer.  Loves JJ as well.  Going to wait on DY",3,https://bogmayer.bevtrack.net/assets/bogmayer/img/meetingImg/69dea2a0476b2.jpg,,,
"04/14/26 22:42:22ET",Mayer,,"MARTINS LANDING BAR","Just missed the buyer. You need to come back earlier. This is a honey hole.",0,,,,
"04/14/26 19:57:16ET",Roland,Berardelli,"Mellow Mushroom-Avondale (CHS)","Amber back from Mexico next week. Still haven’t kicked the Porter or the Carolina where ICL is supposed to be",0,https://bogmayer.bevtrack.net/assets/bogmayer/img/meetingImg/69de7ffc35ea6.jpg,,,
"04/14/26 22:54:45ET",Mayer,COLA,"Nacho Margarita (COLA)","Spoke with Tammy, Nacho is the owner.  Sampled JJ, DN, IA and DY.  She’s going to pass the info on",0,,,,
"04/14/26 19:44:51ET",Gallo,Mathias,"Publix #1055 (CHS)","Low on ICL ",1,,,,
"04/14/26 14:28:21ET",Gallo,Scruggs,"Publix #1599 (CHS)","Low stock on both skus ",2,https://bogmayer.bevtrack.net/assets/bogmayer/img/meetingImg/69de32e3d965b.jpg,https://bogmayer.bevtrack.net/assets/bogmayer/img/meetingImg/69de32e46ba75.jpg,,
"04/14/26 15:01:22ET",Hamilton,Dreher,"Publix #1646 (CHS)","Low on ICL 2/12. Good stock on Sb Damn Yankee",1,https://bogmayer.bevtrack.net/assets/bogmayer/img/meetingImg/69de3aa0c1bed.jpg,https://bogmayer.bevtrack.net/assets/bogmayer/img/meetingImg/69de3aa19ecae.jpg,,
"04/14/26 14:57:26ET",Hamilton,Rutledge,"Refuel #55 (CHS)","No product here",0,,,,
"04/14/26 14:43:30ET",Hamilton,Rutledge,"Spinx #0341 (CHS)","Still no gasTag. Great stock of ICL 2/12 and Chill pineapple coconut. Singles are well stocked in the fridge",0,https://bogmayer.bevtrack.net/assets/bogmayer/img/meetingImg/69de367055b3d.jpg,https://bogmayer.bevtrack.net/assets/bogmayer/img/meetingImg/69de3670e5337.jpg,https://bogmayer.bevtrack.net/assets/bogmayer/img/meetingImg/69de36717c083.jpg,
"04/14/26 18:02:56ET",Hamilton,Kuffel,"Spinx #0350 (CHS)","Wobbler was here last time, but not anymore. 2 packs of ICL 2/12 and 2 packs of Chill strawberry mango + singles",2,https://bogmayer.bevtrack.net/assets/bogmayer/img/meetingImg/69de652e68337.jpg,https://bogmayer.bevtrack.net/assets/bogmayer/img/meetingImg/69de652f439d6.jpg,https://bogmayer.bevtrack.net/assets/bogmayer/img/meetingImg/69de652fd23ee.jpg,
"04/14/26 15:54:50ET",Hamilton,Daley,"Spinx #0354 (CHS)","Still no gasTag. 3 packs of ICL 2/12. Plenty of chill strawberry mango",0,https://bogmayer.bevtrack.net/assets/bogmayer/img/meetingImg/69de4728a334d.jpg,https://bogmayer.bevtrack.net/assets/bogmayer/img/meetingImg/69de47293f5bd.jpg,https://bogmayer.bevtrack.net/assets/bogmayer/img/meetingImg/69de4729cfe60.jpg,
"04/14/26 15:36:11ET",Hamilton,Wagoner,"Spinx #0356 (CHS)","Still no gasTag. 3 packs of ICL 2/12. 2 packs of Island Chill pineapple coconut. 7packs of Island Chill Strawberry Mango. Individual cans of Chill pineapple coconut",1,https://bogmayer.bevtrack.net/assets/bogmayer/img/meetingImg/69de42c8e27bf.jpg,https://bogmayer.bevtrack.net/assets/bogmayer/img/meetingImg/69de42c9d9410.jpg,https://bogmayer.bevtrack.net/assets/bogmayer/img/meetingImg/69de42ca86b56.jpg,
"04/14/26 16:55:11ET",Hamilton,Lance,"Spinx #0359 (CHS)","3 packs of ICL 2/12. 3 packs of Chill Strawberry mango and singles in the fridge. ",2,https://bogmayer.bevtrack.net/assets/bogmayer/img/meetingImg/69de554d29f1c.jpg,https://bogmayer.bevtrack.net/assets/bogmayer/img/meetingImg/69de554dc09f9.jpg,https://bogmayer.bevtrack.net/assets/bogmayer/img/meetingImg/69de554e65e56.jpg,
"04/14/26 17:11:02ET",Hamilton,Lance,"Spinx #0378 (CHS)","We look great on stock. Plenty of IcL 2/12 and Chill Strawberry Mango",0,https://bogmayer.bevtrack.net/assets/bogmayer/img/meetingImg/69de59040323a.jpg,https://bogmayer.bevtrack.net/assets/bogmayer/img/meetingImg/69de590500897.jpg,https://bogmayer.bevtrack.net/assets/bogmayer/img/meetingImg/69de5905e1f11.jpg,
"04/14/26 20:33:35ET",Mayer,,"STONE PIZZA COMPANY","Spoke with chuck owner, wants to pick up 1/6 of Juice Juice in a couple of weeks.",1,,,,
"04/14/26 18:23:45ET",Roland,,"The Locker Room Sports Cafe (CHS)","Dropped off a handle for the JJ that was just ordered. Buyer not in. Will follow up with Jayke. Has a small cooler so buyer only can purchase 1/6 at a time. Super dead right now. Hopefully will pick up with more sports available ",1,https://bogmayer.bevtrack.net/assets/bogmayer/img/meetingImg/69de6a1012ba1.jpg,https://bogmayer.bevtrack.net/assets/bogmayer/img/meetingImg/69de6a10a574d.jpg,,
"04/14/26 00:23:28ET",Roland,Coburn,"Top Dawg Tavern - Sville (CHS)","Dropped off a tap handle for Yankee. Still have Helles, JJ, and Naked on draft",0,https://bogmayer.bevtrack.net/assets/bogmayer/img/meetingImg/69debe5f3def8.jpg,https://bogmayer.bevtrack.net/assets/bogmayer/img/meetingImg/69debe5fc948a.jpg,https://bogmayer.bevtrack.net/assets/bogmayer/img/meetingImg/69debe60569cb.jpg,
"04/14/26 19:08:33ET",Roland,Coburn,"Triangle - Avondale (CHS)","The Spring market banner is finally up. Still not ICL on draft tho… still has JJ on draft. ",0,,,,
"04/14/26 16:19:28ET",Hamilton,Savage,"Walmart Market #3713 (CHS)","Closed for renovations until the end of April",0,,,,
"04/13/26 19:08:42ET",Kelley,,"B & D Burgers-Pooler (SAV)","Stop by and spoke with the GM Josh. I left them samples of Yankee, Helles  & ICL. Left him my card and a sale sheet. He wants to have his bartender sample the beer. He believes they’ve had on Yankee before can’t remember though. ",0,,,,
"04/13/26 19:08:00ET",Roland,,"Bohemian Bull - James Island (CHS)","Shaun picking up a 1/2 BBL of ORG",1,,,,
"04/13/26 22:02:11ET",Roland,Zimmer,"Chas Beer Works (CHS)","Stopped in to see Maury. He had just left. Told me to come by on Wednesday to drop off the sample of ORG and the coaster program sheet",0,,,,
"04/13/26 22:21:50ET",Mayer,,"Craft And Draft (COLA)","TT scheduled for April 27th 5-8.  Through Kellan.  JJ, DN, Island, DY",4,,,,
"04/13/26 22:13:27ET",Mayer,COLA,"Craft And Draft Irmo (COLA)","May 27th taptakover JJ,DN,DY, IA",0,,,,
"04/13/26 18:51:08ET",Roland,Wannamaker,"Dig In Park Circle (CHS)","Picking up a 1/2 of ORG. Dropped off the umbrellas for the outdoor patio. Still have JJ and ICL on the patio. Also, have RY and DY inside",0,https://bogmayer.bevtrack.net/assets/bogmayer/img/meetingImg/69dd1efb35a03.jpg,https://bogmayer.bevtrack.net/assets/bogmayer/img/meetingImg/69dd1efbd238b.jpg,,
"04/13/26 20:54:21ET",Roland,Zimmer,"Fleet Landing (CHS)","Nate is doing great! I dropped off a sample of ORG for his to try. Currently has TM on draft. Will circle back with him next week. ",0,,,,
"04/13/26 19:27:03ET",Roland,Wannamaker,"Fratello's - Park Circle (CHS)","Ali picking up a 1/6 of ORG. JJ still doing great. ",1,https://bogmayer.bevtrack.net/assets/bogmayer/img/meetingImg/69dd27674f84e.jpg,,,
"04/13/26 21:12:16ET",Hamilton,Dreher,"Harris Teeter #131 (CHS)","Need more ICL and 16oz Rusty Bull.",4,https://bogmayer.bevtrack.net/assets/bogmayer/img/meetingImg/69dd400e1768a.jpg,https://bogmayer.bevtrack.net/assets/bogmayer/img/meetingImg/69dd400ecff83.jpg,https://bogmayer.bevtrack.net/assets/bogmayer/img/meetingImg/69dd400f8a7c8.jpg,https://bogmayer.bevtrack.net/assets/bogmayer/img/meetingImg/69dd401031da9.jpg
"04/13/26 19:13:51ET",Mayer,COLA,"Longhorn Steakhouse - Harbison Blvd (COLA)","DN still not on draft.  Messaging Kristi(managing partner).  ",0,,,,
"04/13/26 20:58:38ET",Mayer,Moyer,"Lowe's Foods #268 (COLA)","Lauren is the buyer.  SCP doesn’t distribute out here",0,,,,
"04/13/26 20:02:46ET",Mayer,,"LOWES FOODS #267","Spoke with Imani, 

Scheduled tap takover for Thursday April 23.  

IA, JJ, DN, DY",4,,,,
"04/13/26 20:19:54ET",Mayer,Silver,"Mellow Mushroom - Sunset Blvd (COLA)","Left a few samples and sent him a price guide.  With all available brands",0,https://bogmayer.bevtrack.net/assets/bogmayer/img/meetingImg/69dd33c95500a.jpg,,,
"04/13/26 00:27:37ET",Mayer,,PROHIBITION,"Boone was not in, send him a text message and an email following up on juice juice sixtles that are now available as well as island active",0,,,,
"04/13/26 23:41:14ET",Roland,,"Ritual - Calhoun (CHS)","Chatted with Chelsea today. She’s now moved up to GM. She’s ready to bring in Island as the only local option. We’re meeting on Wednesday to discuss all the details. ",0,,,,
"04/13/26 21:11:21ET",Roland,Wannamaker,"Tattooed Moose - Park Circle (CHS)","Tavner picked up DY!!! Order another CS last week. It’s already selling great. Meeting with him on Friday at 5 to see what promo material he wants. Said he’s still interested in Tropical Gose in the coming weeks ",1,,,,
"04/13/26 00:13:53ET",Mayer,COLA,"The Grand (COLA)","Grant wasn’t in, called and left message",0,,,,
"04/13/26 00:06:39ET",Mayer,,"Transmission Arcade (COLA)","Cam was not in sent him a message that sixtles are now available and that we would love to come up and do a tap take over",0,,,,
"04/13/26 19:20:17ET",Kelley,,"World Of Beer-Pooler (SAV)","Just spoke with the manager Drew. Yankee is still on draft, ICL is in cans, and now he is putting Helles on draft. Everything is going well here with our beers he says..",0,,,,
"04/10/26 15:11:25ET",Gallo,,"Blue Water #12 (CHS)","Stopped in to check on damn Yankee 19.2 it’s a small set though. Used to have ICL in here but no more.",0,,,,
"04/10/26 15:09:08ET",Roland,Menard,"The Grit Counter - Montague (CHS)","Chatted with Paul a bit. He’s no longer over this location for the most part. However, he was here doing interviews. Beer is doing good. Still pour JJ and LE on draft. As well as BS in cans. ",0,https://bogmayer.bevtrack.net/assets/bogmayer/img/meetingImg/69d8f6734601e.jpg,,,
"04/09/26 18:33:33ET",Kelley,,"Backwater Bills (CHS)","Just spoke with Alisha. I’m placing the order for her for a 1/6 Yankee & 1/2 ICL!",0,,,,
"04/09/26 19:22:13ET",Roland,Coburn,"Bohemian Bull - James Island (CHS)","Got to chat with Shaun. Dropped off a sample of ORG she’s gonna go ahead and order it as soon as it’s already. Not sure if she wants a 1/2 or 1/6 will follow up with Coburn. No events right now. Told her I’d circle back in a few weeks to chat about upcoming sponsorships/events. Currently have TM and RY on draft",0,,,,
"04/09/26 21:20:39ET",Roland,Coburn,"Catch23 (CHS)","Only doing 4/6 right now. Not worried about the beer. ",0,,,,
"04/09/26 18:21:54ET",Mayer,Coburn,"Charleston Sports Pub-Goose Creek (CHS)","Trivia night was a success. Spoke to GM. Loves Juice Juice going to keep it on all summer and is going to bring in Orangoutang as well",0,,,,
"04/09/26 21:22:22ET",Roland,Coburn,"Coconut Joes - Folly (CHS)","Got ICL off draft for a bad keg. However, she didn’t finally order the JJ CS for upstairs and down. Apparently Courtney ever said everything to them. ",1,,,,
"04/09/26 19:48:21ET",Kelley,Rohal,"Hampton Lake (CHS)","Just met Aaron here at the pool bar to drop off a couple Southern Barrel gift cards for a car show event they’re doing a raffle for. Juice juice is on draft right now.. ICL has not been tapped quite yet and Saltwater Cerveza is available in cans here now.",0,https://bogmayer.bevtrack.net/assets/bogmayer/img/meetingImg/69d7e664944b6.jpg,,,
"04/09/26 20:37:04ET",Kelley,Livingston,"Jazz Corner (CHS)","Just stopped in to drop off glassware from Southern Barrel to Mike the owner. He is not in right now, but I spoke with him on the phone. Super nice guy. I let him know about the other brands we now carry as well. He wants me to email him an inventory list with pricing as well. Hopefully we can get some more beer on draft in here. He has been carrying the Helles Lager on draft for a while now. They have 4 draft lines.",0,https://bogmayer.bevtrack.net/assets/bogmayer/img/meetingImg/69d7f1cf1ef73.jpg,https://bogmayer.bevtrack.net/assets/bogmayer/img/meetingImg/69d7f1cfc9757.jpg,,
"04/09/26 21:03:32ET",Kelley,Holyoak,"Locals Only Taproom (CHS)","Just met Shona who is the owner for the first time. This place is really really cool. They only put South Carolina Brewery beers on draft. She has had plenty of Rusty Bull and Southern Barrel beers on.. I gave her a samples of ICL, Active & DN. She place orders on Monday. She is good friends with Bob our Brewer at Southern Barrel. Hopefully she will decide to pick up one of the samples I left for her and put them on draft!",0,,,,
"04/09/26 21:34:53ET",Mayer,Livingston,"McConkeys (CHS)","Lisa is going to pick up a 1/6 od orangutan",0,,,,
"04/09/26 19:47:25ET",Roland,Berardelli,"Planet Follywood (CHS)","DJ was on vacation on Tuesday. Rescheduled with Mike to come by next Tuesday. Stopped in just to see if he was in. No luck. Will swing by next week. ",0,https://bogmayer.bevtrack.net/assets/bogmayer/img/meetingImg/69d7e62ce22d7.jpg,,,
"04/09/26 18:19:53ET",Mayer,Berardelli,"Refuge - IOP (CHS)","I spoke to Jason once to move forward with can label. Is willing to pay for the design and labels. And would pick up 10 cases immediately. we can then re-label the cans, which are currently BellyItcher your cans. ",0,,,,
"04/09/26 18:21:15ET",Roland,Berardelli,"Saltwater Cowboys (CHS)","Just finished a meeting with Joey to walkthrough all of poster and signage needs for next Saturday. Got the go ahead from Mike to SCP print the 12x18 signs. Need 10 of them ",0,,,,
"04/09/26 18:25:47ET",Roland,Jackson,"Sunset Waterfront Dining (CHS)","Stopped in just to check. Still nothing moving. Will circle back in a month or so",0,https://bogmayer.bevtrack.net/assets/bogmayer/img/meetingImg/69d7d30b1ba8a.jpg,,,
"04/09/26 21:34:09ET",Kelley,Holyoak,"The Beach House (CHS)","Just stopped by to check if the ICL cases they got were tainted. They have not been delivered yet. They are scheduled to arrive tomorrow. I gave her the bad batch number to check when they do get delivered.",0,,,,
"04/09/26 21:23:58ET",Roland,Coburn,"Washout (CHS)","Need to run over 3 2/12s to replace their product",0,,,,
"04/08/26 18:35:12ET",Roland,Berardelli,"Art's (CHS)","Still pouring the Berry Stomp and Tumbling Monk. Going to pick up a 1/2 bbl of ORG when available. Still can’t get ICL so it’s not on currently. Ordering another 1/2 bbl next week",2,https://bogmayer.bevtrack.net/assets/bogmayer/img/meetingImg/69d683bfa37cb.jpg,,,
"04/08/26 18:57:19ET",Roland,,"Benny Palmettos (CHS)","Dropped off a sales sheet to the new buyer. She was just looking at our portfolios. Still have some BS cans",0,https://bogmayer.bevtrack.net/assets/bogmayer/img/meetingImg/69d688ef66c8f.jpg,,,
"04/08/26 18:55:51ET",Roland,,"Bodega MtP (CHS)","Still selling ICL 2/12 and Active CS on dry shelf. Have Active singles and ICL grapefruit in the fridge. Dropped off samples of JJ and DN as well as a sales sheet. ",0,https://bogmayer.bevtrack.net/assets/bogmayer/img/meetingImg/69d688960ab52.jpg,https://bogmayer.bevtrack.net/assets/bogmayer/img/meetingImg/69d68896cf337.jpg,,
"04/08/26 21:41:19ET",Kelley,,"Bricks On Boundary (CHS)","Spoke with Kristen. She says the samples she passed around to customers got really good feedback.. she would like to go with some of them just not sure when yet. She’s waiting for some of her rotating lines to kick so hopefully then.",0,,,,
"04/08/26 17:17:26ET",Kelley,Rohal,"Chechessee Creek (CHS)","I spoke with Darrell. He recently picked up a 1/6 of ICL. I left samples of DN, JJ & Active. They’re carrying Helles & Bully in cans currently and have Yankee draft. He says Yankee is moving extremely well!",0,,,,
"04/08/26 18:58:44ET",Roland,,"Coleman Public House (CHS)","Dropped off a new sales sheet for Amber. She wasn’t in today. Still no ICL. Will follow up with Joey",0,https://bogmayer.bevtrack.net/assets/bogmayer/img/meetingImg/69d689441514c.jpg,,,
"04/08/26 21:37:51ET",Roland,Jackson,"Crafty Draught (CHS)","The buyers name is Kevin. He is the owner. They typically have very stomp on or in cans but don’t have any right now. Dropped off samples of juice, juice and dance naked as well as sale sheets for all three brands.",0,https://bogmayer.bevtrack.net/assets/bogmayer/img/meetingImg/69d6ae8df20f0.jpg,https://bogmayer.bevtrack.net/assets/bogmayer/img/meetingImg/69d6ae8e6a011.jpg,https://bogmayer.bevtrack.net/assets/bogmayer/img/meetingImg/69d6ae8f0ff00.jpg,
"04/08/26 20:04:15ET",Kelley,Rohal,"Egret & Iron Golf Simulators (CHS)","Just spoke with Chad on the phone he’s not in today. They have Yankee in cans. He’s going to be adding a 1/6 of Yankee to his order on Monday to put back on draft. I’m leaving him with samples of DN, JJ, Helles, ICL & Active. I’m also leaving a sales sheet and my card with those as well.",0,https://bogmayer.bevtrack.net/assets/bogmayer/img/meetingImg/69d6989e324c9.jpg,https://bogmayer.bevtrack.net/assets/bogmayer/img/meetingImg/69d6989ec2005.jpg,,
"04/08/26 19:33:38ET",Roland,Menard,"Flying Biscuit (CHS)","Still going great have both the JJ and BS. Not a huge beer account but love having us. Might want to try and schedule some kind of event to share the love. ",0,https://bogmayer.bevtrack.net/assets/bogmayer/img/meetingImg/69d69172060d2.jpg,,,
"04/08/26 18:56:02ET",Kelley,Livingston,"Gilligan's-Beaufort (CHS)","Weston was not in today. Spoke with bartender who says Yankee is going well. Doesn’t look like they have the ICL on draft yet. I called Weston but he did not answer. Will check back another day…",0,,,,
"04/08/26 18:53:13ET",Roland,,"Juanita Greenbergs (CHS)","Calvin not in today. Currently have JJ in cans. Dropped a sample of DN for him to give a try. Also, left my card and a sales sheet",0,https://bogmayer.bevtrack.net/assets/bogmayer/img/meetingImg/69d687f76fac9.jpg,https://bogmayer.bevtrack.net/assets/bogmayer/img/meetingImg/69d687f7db828.jpg,https://bogmayer.bevtrack.net/assets/bogmayer/img/meetingImg/69d687f8a2f73.jpg,
"04/08/26 19:37:03ET",Roland,Berardelli,"Mix (CHS)","Chatted with Joey. They’re closing their doors. Not sure when. But, need to go and try to get our handles back",0,,,,
"04/08/26 19:04:12ET",Roland,Berardelli,"My Fathers Moustache - Mt P (CHS)","Cameron not around today. Dropped off a coaster program sheet as well as a sample of JJ and a sales sheet. Will follow up next week. Had an ICL for quality control. Beer was a little flat but overall tastes normal. Has the sweetness with a crisp flavor on the back end.",0,https://bogmayer.bevtrack.net/assets/bogmayer/img/meetingImg/69d68a8b8ecb3.jpg,,,
"04/08/26 16:55:24ET",Roland,Jackson,"O'Brion's-Mt Pleasant (CHS)","Dropped off a physical copy of the coaster program and a sample of ORG. Chad out this week. Following up with Joey",0,,,,
"04/08/26 19:50:08ET",Roland,Berardelli,"Pages Okra Grill (CHS)","Nothing on draft currently. Finally got through the RY. Going to try and go for either getting Naked or JJ on draft for summer. Also, might shoot for getting CK to replace the cooper River draft line. ",0,https://bogmayer.bevtrack.net/assets/bogmayer/img/meetingImg/69d69549f00c8.jpg,https://bogmayer.bevtrack.net/assets/bogmayer/img/meetingImg/69d6954d791e5.jpg,,
"04/08/26 19:43:05ET",Kelley,Rohal,"Ponchos Tacos & Beer (CHS)","Abner was not in today, but I spoke with his sister. I was just stopping in to check on the ICL & Active cans to see if they were delivered and they were not. It looks like everything else was delivered though. I’ll probably call Abner and see if he still wants those can options or something else.",0,,,,
"04/08/26 21:39:21ET",Roland,,"Rooted Bottle Market & Barn (CHS)","Kevin is the buyer and owner same buyer as crafty draft. Will follow up with him next week on the samples that I left as well as try and give him a sample of island coastal and active.",0,,,,
"04/08/26 20:43:05ET",Kelley,,"Rosie Ogradys-Beaufort (CHS)","Just met with Michael. He’s picking up 2 cases of JJ, 2 cases of DN, and a 1/6 of Active on order next Monday’s order!!!",0,,,,
"04/08/26 19:06:23ET",Roland,Berardelli,"Saltwater Cowboys (CHS)","Chatted with Spencer this morning to confirm details for the event next weekend. Confirmed leis with Mike and Emily. Should be ready to go for next weekend. Did mention being a bit worried about SWC. Ben told me he had a call with them later today ",0,,,,
"04/08/26 17:34:25ET",Roland,Jackson,"Shelter (CHS)","Finally able to order JJ in cans. Joey is running over some. ICL and Yankee doing good. Dropped off the cornhole boards they’re super pumped! ",1,https://bogmayer.bevtrack.net/assets/bogmayer/img/meetingImg/69d6757ecdf6b.jpg,https://bogmayer.bevtrack.net/assets/bogmayer/img/meetingImg/69d6757f973a5.jpg,https://bogmayer.bevtrack.net/assets/bogmayer/img/meetingImg/69d675804a77f.jpg,https://bogmayer.bevtrack.net/assets/bogmayer/img/meetingImg/69d675810475e.jpg
"04/08/26 18:06:36ET",Roland,Hux,"Vicious Biscuit - Mt P (CHS)","Doesn’t look like they are purchasing any beer varietals at the moment",0,,,,
"04/08/26 21:28:28ET",Roland,Jackson,"Woodward Tavern (CHS)","Got to meet Jacob!! JJ is doing great! House lager is great. Going to bring in active on draft! Left a sample of ORG for them to give a try. Trying to selling in the coaster program. ",1,https://bogmayer.bevtrack.net/assets/bogmayer/img/meetingImg/69d6ac5bcdf46.jpg,,,
"04/07/26 17:49:11ET",Mayer,Berardelli,"Charleston Sports Pub-Mt Pleasant (CHS)","Spoke with Keisha she’s going to order 2 1/2 of Orangutang do pint night on 5/1 and is going to keep JJ  and Icl",2,,,,
"04/07/26 19:15:51ET",Roland,,"Co Op - Sullivans Island (CHS)","Big advantage account. Dropped some samples of Dance, Active, and JJ",0,https://bogmayer.bevtrack.net/assets/bogmayer/img/meetingImg/69d53bc63f51a.jpg,https://bogmayer.bevtrack.net/assets/bogmayer/img/meetingImg/69d53bc6d10d3.jpg,,
"04/07/26 20:22:47ET",Roland,Jackson,"Coconut Joe's IOP (CHS)","Alicia in but super busy dropped off my card and some sales sheets. Met her a few weeks ago with Joey. Will come by next week as well ",0,https://bogmayer.bevtrack.net/assets/bogmayer/img/meetingImg/69d54b770018c.jpg,,,
"04/07/26 17:55:16ET",Hamilton,Ruiz,"Food Lion #0410 (CHS)","2 packs of ICL 4/6",0,https://bogmayer.bevtrack.net/assets/bogmayer/img/meetingImg/69d528e3c2a57.jpg,,,
"04/07/26 20:11:12ET",Gallo,Scruggs,"Harris Teeter #277 (CHS)","Great stock of 4/6 / Active sold out ",0,https://bogmayer.bevtrack.net/assets/bogmayer/img/meetingImg/69d548bf9acdf.jpg,,,
"04/07/26 15:20:58ET",Toro,,"Harris Teeter #357 (GVL)","Quick follow up check.  Sold three cases in March, not seeing in pog may have been special order
",0,,,,
"04/07/26 18:58:33ET",Gallo,May,"Harris Teeter #453 (CHS)","Ran into Will,  he will add more ICL when it comes in this week.  ",3,,,,
"04/07/26 18:57:17ET",Roland,,"High Thyme (CHS)","No one in to talk about beer until tomorrow at 4 o’clock gonna stop back by then got a picture of their menu with the current beer selections not doing anything super local going to try and pitch island to get back in here",0,https://bogmayer.bevtrack.net/assets/bogmayer/img/meetingImg/69d5376d3b20e.jpg,,,
"04/07/26 18:41:09ET",Roland,Jackson,"Hometeam BBQ - Sullivans (CHS)","Got the chat briefly with AJ finally! Gave her my card if she needs anything. Also, dropped off a sample of Active for her to give a try. CK on draft and still doing great! ",0,https://bogmayer.bevtrack.net/assets/bogmayer/img/meetingImg/69d533a413998.jpg,https://bogmayer.bevtrack.net/assets/bogmayer/img/meetingImg/69d533a46d127.jpg,,
"04/07/26 20:15:46ET",Roland,Jackson,"Lawrence Seafood - IOP (CHS)","Dropped off a sales sheet of RB and SB products for Leann the new bar manager. Still have both ICL and Active cans. Definitely still need that pos. Looking for more table tents. Not a lot of wall space. Heather is the person to chat with if you need anything. Needs to run POS items pass. The GM will get back to me on what they think will look best.",0,https://bogmayer.bevtrack.net/assets/bogmayer/img/meetingImg/69d549d182f10.jpg,,,
"04/07/26 17:45:08ET",Toro,Miller,"Lowe's Food #264 (GVL)","Met with Kelly this location has the brewery so less tap takeovers only monthly.  They are currently booking last 1/3 of year.  Can do halves ",0,,,,
"04/07/26 18:12:35ET",Toro,Miller,"Lowe's Food #275 (GVL)","Met with John.  Booking out into September.  Keg cooler problems ",0,,,,
"04/07/26 18:15:46ET",Hamilton,Orr,"Lowe's Foods #279 (CHS)","Great stock of Island Chill strawberry mango and Rusty Bull Juice Juice and Dance naked. Need more ICL 4/6 (2 packs left, but put in an order last week)",0,https://bogmayer.bevtrack.net/assets/bogmayer/img/meetingImg/69d52db08c8b9.jpg,https://bogmayer.bevtrack.net/assets/bogmayer/img/meetingImg/69d52db186022.jpg,https://bogmayer.bevtrack.net/assets/bogmayer/img/meetingImg/69d52db2543b5.jpg,
"04/07/26 18:35:00ET",Toro,THOMPSON,"LOWES FOOD #263","New buyer will be Dick. Already booking October. 4-6 lines ",0,,,,
"04/07/26 19:06:51ET",Roland,Berardelli,"Mex 1-Sullivans (CHS)","Chancie not in today. But I got to chat with his AGM, TJ. Dropped off samples of JJ and DN. They haven’t seen the new cans. Also, left a sales sheet and my card for TJ. ICL still rocking. ",0,https://bogmayer.bevtrack.net/assets/bogmayer/img/meetingImg/69d539aa2f4df.jpg,https://bogmayer.bevtrack.net/assets/bogmayer/img/meetingImg/69d539aad06f4.jpg,,
"04/07/26 17:32:15ET",Mayer,,"Neighborhood Tap House - Rivers (CHS)","Spoke with Bartenders Fred wasn’t in nor was Glenn.  Russell is going to be taking orders soon",0,,,,
"04/07/26 18:12:03ET",Mayer,Scarpitti,"Neighborhood Tap House - Summerville (CHS)","Spoke with Fred, will pick up 2 sixtles of orangutan for each location",1,,,,
"04/07/26 19:48:04ET",Roland,Menard,"Obstinate Daughter (CHS)","Frank in but didn’t want to talk. Apparently was in a last second meeting. Dropped off my card sales sheet and a JJ sample. No longer carries any of our products. Gonna try the Friday afternoon approach ",0,https://bogmayer.bevtrack.net/assets/bogmayer/img/meetingImg/69d543542f740.jpg,,,
"04/07/26 19:08:07ET",Kelley,Rohal,"One Hot Mama's Bluffton (CHS)","Spoke with Jeff the manager. He said I would want to talk to Trey the bar manager. He decides what he wants on the bar and then he relays that to management. He usually comes in at 3pm. They have Yankee and Bully in cans. ",0,https://bogmayer.bevtrack.net/assets/bogmayer/img/meetingImg/69d539f61e057.jpg,,,
"04/07/26 16:47:51ET",Hamilton,Wagoner,"Parkers #121 (CHS)","Great stock. 4 packs of ICL 4/6",0,https://bogmayer.bevtrack.net/assets/bogmayer/img/meetingImg/69d5191688520.jpg,,,
"04/07/26 17:32:39ET",Hamilton,Wagoner,"Parkers #81 (CHS)","2 packs of ICL 4/6",1,https://bogmayer.bevtrack.net/assets/bogmayer/img/meetingImg/69d523974609c.jpg,,,
"04/07/26 19:11:10ET",Mayer,Berardelli,"Pour House - Maybank (CHS)","Spoke with Tony wants to bring Rusty bowl back in on rotational seasonal items, such as orangutan, peach my cherry pie, RBF, etc.",0,,,,
"04/07/26 16:18:14ET",Hamilton,Taylor,"Publix #1266 (CHS)","Great stock. 5 packs of ICL 2/12",0,https://bogmayer.bevtrack.net/assets/bogmayer/img/meetingImg/69d51225e46cd.jpg,,,
"04/07/26 19:41:15ET",Gallo,May,"Publix #1645 (CHS)","New order of 2/12",1,,,,
"04/07/26 17:05:31ET",Hamilton,Theos,"Publix #1775 (CHS)","Low on both SB damn Yankee and ICL 2/12 (2packs of each)",2,https://bogmayer.bevtrack.net/assets/bogmayer/img/meetingImg/69d51d3ab93a2.jpg,,,
"04/07/26 15:58:45ET",Hamilton,McDowell,"Publix #2038 (CHS)","2 packs of ICL 2/12. SB Damn Yankee is well stocked",1,https://bogmayer.bevtrack.net/assets/bogmayer/img/meetingImg/69d50d9474c51.jpg,https://bogmayer.bevtrack.net/assets/bogmayer/img/meetingImg/69d50d9519a07.jpg,,
"04/07/26 15:06:15ET",Hamilton,Orr,"Publix #2090 (CHS)","Good stock of both ICL 2/12 and SB Damn Yankee",0,https://bogmayer.bevtrack.net/assets/bogmayer/img/meetingImg/69d5014586f62.jpg,https://bogmayer.bevtrack.net/assets/bogmayer/img/meetingImg/69d501463d126.jpg,,
"04/07/26 20:48:08ET",Roland,Berardelli,"Refuge - IOP (CHS)","Met and I having a meeting with Jason on Thursday morning to discuss canning the Kolsch with a custom logo",0,,,,
"04/07/26 20:19:29ET",Roland,Berardelli,"Smugglers - IOP (CHS)","Dropped off an updated tap handle. JJ still on and doing good. It’s only one of four beers on draft. Everything else going good. ICL is doing. Need to drop off an active sample next week. ",0,https://bogmayer.bevtrack.net/assets/bogmayer/img/meetingImg/69d54ab044a11.jpg,,,
"04/07/26 15:39:57ET",Hamilton,Wagoner,"Spinx #0355 (CHS)","GasTag is present and everything is good in stock. Would like to have more ICL",1,https://bogmayer.bevtrack.net/assets/bogmayer/img/meetingImg/69d5092ad5027.jpg,https://bogmayer.bevtrack.net/assets/bogmayer/img/meetingImg/69d5092bb6943.jpg,https://bogmayer.bevtrack.net/assets/bogmayer/img/meetingImg/69d5092caf42a.jpg,
"04/07/26 16:51:38ET",Hamilton,Wagoner,"Spinx #0358 (CHS)","Low on ICL 2/12. Good stock on Chill in the fridge. No singles in the fridge (Trail Magic took the island spot)",1,https://bogmayer.bevtrack.net/assets/bogmayer/img/meetingImg/69d519f88675c.jpg,https://bogmayer.bevtrack.net/assets/bogmayer/img/meetingImg/69d519f9476e8.jpg,https://bogmayer.bevtrack.net/assets/bogmayer/img/meetingImg/69d519f9df2ec.jpg,
"04/07/26 18:51:08ET",Toro,Forero,"Spinx #108 (GVL)","Spot check 2.5 cases in stock good gas tag ",0,https://bogmayer.bevtrack.net/assets/bogmayer/img/meetingImg/69d535fbc4bd4.jpg,,,
"04/07/26 18:22:44ET",Toro,Miller,"Spinx #126 (GVL)","Spot check 1 case in stock no gas tag ",0,https://bogmayer.bevtrack.net/assets/bogmayer/img/meetingImg/69d52f537b568.jpg,,,
"04/07/26 17:57:59ET",Toro,,"SPINX #128","Spot check good gas tag but only 1/2 case in stock ",0,https://bogmayer.bevtrack.net/assets/bogmayer/img/meetingImg/69d5298655d8e.jpg,,,
"04/07/26 17:20:25ET",Toro,Fisher,"Spinx #131 (GVL)","2 cases in stock no gas tag ",0,https://bogmayer.bevtrack.net/assets/bogmayer/img/meetingImg/69d520b7cdb6b.jpg,,,
"04/07/26 16:43:59ET",Toro,Miller,"Spinx #134 (GVL)","1.5 cases in stock. Good gas tag ",0,https://bogmayer.bevtrack.net/assets/bogmayer/img/meetingImg/69d5182e76c06.jpg,,,
"04/07/26 19:44:09ET",Toro,Seelbinder,"Spinx #165 (GVL)","1 case in stock chill in stock no gas tag ",0,https://bogmayer.bevtrack.net/assets/bogmayer/img/meetingImg/69d5426858d93.jpg,,,
"04/07/26 19:16:53ET",Toro,Forero,"Spinx #190 (GVL)","1.5 cases in stock and good gas tag. ",0,https://bogmayer.bevtrack.net/assets/bogmayer/img/meetingImg/69d53c052099d.jpg,,,
"04/07/26 16:23:38ET",Toro,Fisher,"Spinx #208 (GVL)","Spot check icl 2 cases in stock no gas tag chill in stock ",0,https://bogmayer.bevtrack.net/assets/bogmayer/img/meetingImg/69d51369904d1.jpg,,,
"04/07/26 19:03:49ET",Toro,Forero,"Spinx #229 (GVL)","1.5 cases of island chill in stock no gas tag ",0,https://bogmayer.bevtrack.net/assets/bogmayer/img/meetingImg/69d538f504029.jpg,,,
"04/07/26 16:02:51ET",Toro,Fisher,"Spinx #263 (GVL)","Spot check 1 case in stock no gas tag chill in stock ",0,https://bogmayer.bevtrack.net/assets/bogmayer/img/meetingImg/69d50e8ac2702.jpg,,,
"04/07/26 15:49:16ET",Toro,Fisher,"Spinx #297 (GVL)","Spot check icl in stock no gas tag chill in stock ",0,https://bogmayer.bevtrack.net/assets/bogmayer/img/meetingImg/69d50b5be2992.jpg,,,
"04/07/26 19:17:45ET",Roland,,"Sullivans Fish Camp (CHS)","Tried to drop off some samples but closed for staff training. Will circle back next week. No one was in and door was locked ",0,https://bogmayer.bevtrack.net/assets/bogmayer/img/meetingImg/69d53c38b2fc1.jpg,,,
"04/07/26 18:55:29ET",Roland,Berardelli,"The Longboard (CHS)","Lilian is the new bar manager. She’s super sweet and awesome! Both ICL draft and Active cans are doing great. Dropping off some samples of JJ and DN. Would be a great spot for ORG. Wednesday morning is the best time to get here. ",0,https://bogmayer.bevtrack.net/assets/bogmayer/img/meetingImg/69d53700afbc3.jpg,,,
"04/07/26 23:55:44ET",Roland,Menard,"Top Golf (CHS)","Dropped off samples of JJ, Active, and ORG for Tia",0,,,,
"04/07/26 17:35:18ET",Hamilton,Theos,"Walmart Market #3899 (CHS)","Running low. 1 pack of ICL 2/12 and 1 pack of ICL 4/6",2,https://bogmayer.bevtrack.net/assets/bogmayer/img/meetingImg/69d5243562643.jpg,,,
"04/07/26 20:45:01ET",Roland,Berardelli,"Windjammer (CHS)","Stopped in to see Nikki in person with the draft stuff going on. Still have Island Active in can as well as RB on draft. ",0,https://bogmayer.bevtrack.net/assets/bogmayer/img/meetingImg/69d550ac39032.jpg,,,

"Generated 05/04/2026 8:41 AM by Jackson Hamilton"
